date,temperature(c),depth(m)
2024-10-15 12:12:53,18.51,1.59
2024-10-15 12:12:54,18.51,1.93
2024-10-15 12:12:55,18.5,2.22
2024-10-15 12:12:56,18.49,2.59
2024-10-15 12:12:57,18.47,3.01
2024-10-15 12:12:58,18.43,3.49
2024-10-15 12:12:59,18.41,3.81
2024-10-15 12:13:00,18.28,4.03
2024-10-15 12:13:01,18.2,4.29
2024-10-15 12:13:02,18.15,4.54
2024-10-15 12:13:03,18.14,4.68
2024-10-15 12:13:04,18.09,4.89
2024-10-15 12:13:05,18.07,5.14
2024-10-15 12:13:06,18.01,5.37
2024-10-15 12:13:07,18.02,5.67
2024-10-15 12:13:08,18.0,5.73
2024-10-15 12:13:09,17.96,5.98
2024-10-15 12:13:10,17.96,6.27
2024-10-15 12:13:11,17.93,6.55
2024-10-15 12:13:12,17.91,6.78
2024-10-15 12:13:13,17.89,7.0
2024-10-15 12:13:14,17.88,7.12
2024-10-15 12:13:15,17.88,7.32
2024-10-15 12:13:16,17.85,7.65
2024-10-15 12:13:17,17.85,7.89
2024-10-15 12:13:18,17.82,8.25
2024-10-15 12:13:19,17.79,8.43
2024-10-15 12:13:20,17.79,8.64
2024-10-15 12:13:21,17.77,8.97
2024-10-15 12:13:22,17.76,9.0
2024-10-15 12:13:23,17.75,9.27
2024-10-15 12:13:24,17.75,9.33
2024-10-15 12:13:25,17.75,9.3
2024-10-15 12:13:26,17.75,9.48
2024-10-15 12:13:27,17.75,9.72
2024-10-15 12:13:28,17.71,9.87
2024-10-15 12:13:29,17.73,10.11
2024-10-15 12:13:30,17.71,10.44
2024-10-15 12:13:31,17.73,10.68
2024-10-15 12:13:32,17.71,11.0
2024-10-15 12:13:33,17.7,11.25
2024-10-15 12:13:34,17.68,11.43
2024-10-15 12:13:35,17.68,11.43
2024-10-15 12:13:36,17.68,11.48
2024-10-15 12:13:37,17.67,11.73
2024-10-15 12:13:38,17.68,11.85
2024-10-15 12:13:39,17.67,12.02
2024-10-15 12:13:40,17.67,12.24
2024-10-15 12:13:41,17.66,12.47
2024-10-15 12:13:42,17.64,12.75
2024-10-15 12:13:43,17.64,12.95
2024-10-15 12:13:44,17.64,13.01
2024-10-15 12:13:45,17.65,12.98
2024-10-15 12:13:46,17.64,13.07
2024-10-15 12:13:47,17.63,13.1
2024-10-15 12:13:48,17.63,13.34
2024-10-15 12:13:49,17.64,13.55
2024-10-15 12:13:50,17.63,13.71
2024-10-15 12:13:51,17.61,13.97
2024-10-15 12:13:52,17.61,14.3
2024-10-15 12:13:53,17.63,14.48
2024-10-15 12:13:54,17.61,14.6
2024-10-15 12:13:55,17.61,14.69
2024-10-15 12:13:56,17.62,14.78
2024-10-15 12:13:57,17.64,14.81
2024-10-15 12:13:58,17.62,14.93
2024-10-15 12:13:59,17.62,14.99
2024-10-15 12:14:00,17.6,15.11
2024-10-15 12:14:01,17.58,15.32
2024-10-15 12:14:02,17.58,15.47
2024-10-15 12:14:03,17.56,15.61
2024-10-15 12:14:04,17.55,15.56
2024-10-15 12:14:05,17.53,15.61
2024-10-15 12:14:06,17.54,15.67
2024-10-15 12:14:07,17.55,15.73
2024-10-15 12:14:08,17.54,15.8
2024-10-15 12:14:09,17.52,15.89
2024-10-15 12:14:10,17.54,16.06
2024-10-15 12:14:11,17.52,16.18
2024-10-15 12:14:12,17.52,16.24
2024-10-15 12:14:13,17.49,16.21
2024-10-15 12:14:14,17.44,16.18
2024-10-15 12:14:15,17.46,16.33
2024-10-15 12:14:16,17.49,16.39
2024-10-15 12:14:17,17.5,16.48
2024-10-15 12:14:18,17.48,16.54
2024-10-15 12:14:19,17.49,16.54
2024-10-15 12:14:20,17.5,16.48
2024-10-15 12:14:21,17.48,16.39
2024-10-15 12:14:22,17.5,16.36
2024-10-15 12:14:23,17.5,16.33
2024-10-15 12:14:24,17.5,16.42
2024-10-15 12:14:25,17.48,16.54
2024-10-15 12:14:26,17.51,16.71
2024-10-15 12:14:27,17.5,16.87
2024-10-15 12:14:28,17.5,17.02
2024-10-15 12:14:29,17.51,17.14
2024-10-15 12:14:30,17.5,17.19
2024-10-15 12:14:31,17.49,17.25
2024-10-15 12:14:32,17.44,17.47
2024-10-15 12:14:33,17.46,17.53
2024-10-15 12:14:34,17.43,17.47
2024-10-15 12:14:35,17.41,17.44
2024-10-15 12:14:36,17.42,17.25
2024-10-15 12:14:37,17.37,17.19
2024-10-15 12:14:38,17.39,17.25
2024-10-15 12:14:39,17.38,17.19
2024-10-15 12:14:40,17.38,17.28
2024-10-15 12:14:41,17.38,17.49
2024-10-15 12:14:42,17.37,17.55
2024-10-15 12:14:43,17.35,17.55
2024-10-15 12:14:44,17.35,17.52
2024-10-15 12:14:45,17.38,17.58
2024-10-15 12:14:46,17.35,17.67
2024-10-15 12:14:47,17.33,17.55
2024-10-15 12:14:48,17.32,17.46
2024-10-15 12:14:49,17.32,17.4
2024-10-15 12:14:50,17.32,17.35
2024-10-15 12:14:51,17.31,17.32
2024-10-15 12:14:52,17.3,17.19
2024-10-15 12:14:53,17.3,17.13
2024-10-15 12:14:54,17.32,17.04
2024-10-15 12:14:55,17.34,17.04
2024-10-15 12:14:56,17.37,16.98
2024-10-15 12:14:57,17.38,17.04
2024-10-15 12:14:58,17.39,17.1
2024-10-15 12:14:59,17.38,17.07
2024-10-15 12:15:00,17.41,17.13
2024-10-15 12:15:01,17.43,17.25
2024-10-15 12:15:02,17.45,17.25
2024-10-15 12:15:03,17.44,17.25
2024-10-15 12:15:04,17.44,17.25
2024-10-15 12:15:05,17.46,17.28
2024-10-15 12:15:06,17.48,17.32
2024-10-15 12:15:07,17.48,17.32
2024-10-15 12:15:08,17.48,17.32
2024-10-15 12:15:09,17.48,17.43
2024-10-15 12:15:10,17.48,17.46
2024-10-15 12:15:11,17.5,17.55
2024-10-15 12:15:12,17.5,17.58
2024-10-15 12:15:13,17.5,17.67
2024-10-15 12:15:14,17.5,17.67
2024-10-15 12:15:15,17.48,17.7
2024-10-15 12:15:16,17.5,17.67
2024-10-15 12:15:17,17.49,17.67
2024-10-15 12:15:18,17.51,17.58
2024-10-15 12:15:19,17.51,17.4
2024-10-15 12:15:20,17.51,17.31
2024-10-15 12:15:21,17.51,17.31
2024-10-15 12:15:22,17.5,17.4
2024-10-15 12:15:23,17.52,17.4
2024-10-15 12:15:24,17.53,17.43
2024-10-15 12:15:25,17.53,17.46
2024-10-15 12:15:26,17.51,17.52
2024-10-15 12:15:27,17.53,17.58
2024-10-15 12:15:28,17.5,17.55
2024-10-15 12:15:29,17.51,17.58
2024-10-15 12:15:30,17.5,17.61
2024-10-15 12:15:31,17.5,17.49
2024-10-15 12:15:32,17.5,17.49
2024-10-15 12:15:33,17.51,17.64
2024-10-15 12:15:34,17.51,17.72
2024-10-15 12:15:35,17.51,17.81
2024-10-15 12:15:36,17.5,18.0
2024-10-15 12:15:37,17.5,18.06
2024-10-15 12:15:38,17.51,18.0
2024-10-15 12:15:39,17.51,17.97
2024-10-15 12:15:40,17.5,17.85
2024-10-15 12:15:41,17.5,17.81
2024-10-15 12:15:42,17.51,17.69
2024-10-15 12:15:43,17.51,17.63
2024-10-15 12:15:44,17.5,17.61
2024-10-15 12:15:45,17.51,17.61
2024-10-15 12:15:46,17.52,17.69
2024-10-15 12:15:47,17.51,17.69
2024-10-15 12:15:48,17.5,17.78
2024-10-15 12:15:49,17.5,17.97
2024-10-15 12:15:50,17.52,17.97
2024-10-15 12:15:51,17.48,18.0
2024-10-15 12:15:52,17.51,17.94
2024-10-15 12:15:53,17.5,17.91
2024-10-15 12:15:54,17.51,17.91
2024-10-15 12:15:55,17.5,17.85
2024-10-15 12:15:56,17.5,17.69
2024-10-15 12:15:57,17.46,17.69
2024-10-15 12:15:58,17.48,17.91
2024-10-15 12:15:59,17.49,17.97
2024-10-15 12:16:00,17.49,18.02
2024-10-15 12:16:01,17.5,18.2
2024-10-15 12:16:02,17.49,18.26
2024-10-15 12:16:03,17.5,18.32
2024-10-15 12:16:04,17.48,18.26
2024-10-15 12:16:05,17.5,18.23
2024-10-15 12:16:06,17.49,18.17
2024-10-15 12:16:07,17.47,18.08
2024-10-15 12:16:08,17.46,17.99
2024-10-15 12:16:09,17.48,18.02
2024-10-15 12:16:10,17.48,18.02
2024-10-15 12:16:11,17.47,18.11
2024-10-15 12:16:12,17.45,18.23
2024-10-15 12:16:13,17.5,18.32
2024-10-15 12:16:14,17.45,18.29
2024-10-15 12:16:15,17.49,18.41
2024-10-15 12:16:16,17.48,18.47
2024-10-15 12:16:17,17.46,18.5
2024-10-15 12:16:18,17.48,18.56
2024-10-15 12:16:19,17.45,18.56
2024-10-15 12:16:20,17.46,18.62
2024-10-15 12:16:21,17.49,18.68
2024-10-15 12:16:22,17.46,18.8
2024-10-15 12:16:23,17.46,18.92
2024-10-15 12:16:24,17.48,19.07
2024-10-15 12:16:25,17.47,19.07
2024-10-15 12:16:26,17.49,19.07
2024-10-15 12:16:27,17.5,19.13
2024-10-15 12:16:28,17.5,19.13
2024-10-15 12:16:29,17.51,19.01
2024-10-15 12:16:30,17.52,18.95
2024-10-15 12:16:31,17.5,18.95
2024-10-15 12:16:32,17.5,19.04
2024-10-15 12:16:33,17.5,19.16
2024-10-15 12:16:34,17.47,19.13
2024-10-15 12:16:35,17.5,19.1
2024-10-15 12:16:36,17.47,19.07
2024-10-15 12:16:37,17.5,19.13
2024-10-15 12:16:38,17.5,19.13
2024-10-15 12:16:39,17.51,19.07
2024-10-15 12:16:40,17.5,19.01
2024-10-15 12:16:41,17.5,19.01
2024-10-15 12:16:42,17.49,19.1
2024-10-15 12:16:43,17.5,19.22
2024-10-15 12:16:44,17.51,19.25
2024-10-15 12:16:45,17.5,19.33
2024-10-15 12:16:46,17.5,19.4
2024-10-15 12:16:47,17.51,19.4
2024-10-15 12:16:48,17.52,19.43
2024-10-15 12:16:49,17.53,19.46
2024-10-15 12:16:50,17.53,19.4
2024-10-15 12:16:51,17.51,19.36
2024-10-15 12:16:52,17.52,19.4
2024-10-15 12:16:53,17.5,19.49
2024-10-15 12:16:54,17.51,19.52
2024-10-15 12:16:55,17.5,19.49
2024-10-15 12:16:56,17.51,19.52
2024-10-15 12:16:57,17.51,19.67
2024-10-15 12:16:58,17.49,19.78
2024-10-15 12:16:59,17.5,19.84
2024-10-15 12:17:00,17.5,19.87
2024-10-15 12:17:01,17.51,19.91
2024-10-15 12:17:02,17.49,19.87
2024-10-15 12:17:03,17.51,19.91
2024-10-15 12:17:04,17.52,19.87
2024-10-15 12:17:05,17.5,19.91
2024-10-15 12:17:06,17.5,19.84
2024-10-15 12:17:07,17.51,19.91
2024-10-15 12:17:08,17.5,20.0
2024-10-15 12:17:09,17.5,20.06
2024-10-15 12:17:10,17.5,20.09
2024-10-15 12:17:11,17.49,20.23
2024-10-15 12:17:12,17.5,20.32
2024-10-15 12:17:13,17.48,20.35
2024-10-15 12:17:14,17.5,20.29
2024-10-15 12:17:15,17.5,20.26
2024-10-15 12:17:16,17.5,20.26
2024-10-15 12:17:17,17.5,20.23
2024-10-15 12:17:18,17.5,20.23
2024-10-15 12:17:19,17.47,20.26
2024-10-15 12:17:20,17.48,20.17
2024-10-15 12:17:21,17.5,20.17
2024-10-15 12:17:22,17.5,20.14
2024-10-15 12:17:23,17.5,20.17
2024-10-15 12:17:24,17.51,20.14
2024-10-15 12:17:25,17.51,20.14
2024-10-15 12:17:26,17.5,20.11
2024-10-15 12:17:27,17.51,20.14
2024-10-15 12:17:28,17.5,20.17
2024-10-15 12:17:29,17.5,20.17
2024-10-15 12:17:30,17.51,20.29
2024-10-15 12:17:31,17.49,20.38
2024-10-15 12:17:32,17.5,20.48
2024-10-15 12:17:33,17.49,20.56
2024-10-15 12:17:34,17.49,20.65
2024-10-15 12:17:35,17.48,20.74
2024-10-15 12:17:36,17.48,20.71
2024-10-15 12:17:37,17.49,20.74
2024-10-15 12:17:38,17.5,20.77
2024-10-15 12:17:39,17.49,20.68
2024-10-15 12:17:40,17.5,20.68
2024-10-15 12:17:41,17.49,20.65
2024-10-15 12:17:42,17.48,20.65
2024-10-15 12:17:43,17.5,20.71
2024-10-15 12:17:44,17.48,20.74
2024-10-15 12:17:45,17.5,20.77
2024-10-15 12:17:46,17.49,20.8
2024-10-15 12:17:47,17.48,20.83
2024-10-15 12:17:48,17.5,20.91
2024-10-15 12:17:49,17.49,20.8
2024-10-15 12:17:50,17.5,20.68
2024-10-15 12:17:51,17.46,20.65
2024-10-15 12:17:52,17.49,20.62
2024-10-15 12:17:53,17.49,20.56
2024-10-15 12:17:54,17.47,20.42
2024-10-15 12:17:55,17.5,20.26
2024-10-15 12:17:56,17.5,20.17
2024-10-15 12:17:57,17.47,20.14
2024-10-15 12:17:58,17.5,20.14
2024-10-15 12:17:59,17.5,20.05
2024-10-15 12:18:00,17.46,20.05
2024-10-15 12:18:01,17.49,20.05
2024-10-15 12:18:02,17.49,20.17
2024-10-15 12:18:03,17.49,20.2
2024-10-15 12:18:04,17.5,20.17
2024-10-15 12:18:05,17.48,20.14
2024-10-15 12:18:06,17.49,20.14
2024-10-15 12:18:07,17.46,20.14
2024-10-15 12:18:08,17.49,20.14
2024-10-15 12:18:09,17.47,20.2
2024-10-15 12:18:10,17.47,20.17
2024-10-15 12:18:11,17.48,20.14
2024-10-15 12:18:12,17.5,20.2
2024-10-15 12:18:13,17.48,20.26
2024-10-15 12:18:14,17.49,20.38
2024-10-15 12:18:15,17.5,20.5
2024-10-15 12:18:16,17.49,20.5
2024-10-15 12:18:17,17.46,20.45
2024-10-15 12:18:18,17.48,20.38
2024-10-15 12:18:19,17.48,20.42
2024-10-15 12:18:20,17.5,20.44
2024-10-15 12:18:21,17.49,20.42
2024-10-15 12:18:22,17.45,20.38
2024-10-15 12:18:23,17.46,20.44
2024-10-15 12:18:24,17.46,20.32
2024-10-15 12:18:25,17.46,20.2
2024-10-15 12:18:26,17.46,20.23
2024-10-15 12:18:27,17.48,20.29
2024-10-15 12:18:28,17.49,20.38
2024-10-15 12:18:29,17.46,20.41
2024-10-15 12:18:30,17.48,20.38
2024-10-15 12:18:31,17.46,20.32
2024-10-15 12:18:32,17.49,20.26
2024-10-15 12:18:33,17.47,20.2
2024-10-15 12:18:34,17.45,20.17
2024-10-15 12:18:35,17.47,20.17
2024-10-15 12:18:36,17.47,20.17
2024-10-15 12:18:37,17.45,20.14
2024-10-15 12:18:38,17.45,20.05
2024-10-15 12:18:39,17.45,20.2
2024-10-15 12:18:40,17.46,20.26
2024-10-15 12:18:41,17.44,20.26
2024-10-15 12:18:42,17.48,20.32
2024-10-15 12:18:43,17.46,20.11
2024-10-15 12:18:44,17.47,19.96
2024-10-15 12:18:45,17.48,19.96
2024-10-15 12:18:46,17.45,19.81
2024-10-15 12:18:47,17.48,19.66
2024-10-15 12:18:48,17.44,19.6
2024-10-15 12:18:49,17.44,19.6
2024-10-15 12:18:50,17.44,19.66
2024-10-15 12:18:51,17.43,19.87
2024-10-15 12:18:52,17.45,19.96
2024-10-15 12:18:53,17.44,19.93
2024-10-15 12:18:54,17.45,19.84
2024-10-15 12:18:55,17.43,19.78
2024-10-15 12:18:56,17.43,19.69
2024-10-15 12:18:57,17.43,19.46
2024-10-15 12:18:58,17.45,19.33
2024-10-15 12:18:59,17.45,19.24
2024-10-15 12:19:00,17.44,19.24
2024-10-15 12:19:01,17.42,19.33
2024-10-15 12:19:02,17.4,19.43
2024-10-15 12:19:03,17.42,19.57
2024-10-15 12:19:04,17.42,19.72
2024-10-15 12:19:05,17.42,19.78
2024-10-15 12:19:06,17.42,19.86
2024-10-15 12:19:07,17.4,19.87
2024-10-15 12:19:08,17.42,19.84
2024-10-15 12:19:09,17.4,19.84
2024-10-15 12:19:10,17.39,19.78
2024-10-15 12:19:11,17.42,19.72
2024-10-15 12:19:12,17.42,19.66
2024-10-15 12:19:13,17.42,19.57
2024-10-15 12:19:14,17.42,19.43
2024-10-15 12:19:15,17.43,19.45
2024-10-15 12:19:16,17.42,19.48
2024-10-15 12:19:17,17.42,19.42
2024-10-15 12:19:18,17.39,19.45
2024-10-15 12:19:19,17.39,19.48
2024-10-15 12:19:20,17.39,19.3
2024-10-15 12:19:21,17.4,19.21
2024-10-15 12:19:22,17.41,19.09
2024-10-15 12:19:23,17.45,19.06
2024-10-15 12:19:24,17.42,19.09
2024-10-15 12:19:25,17.44,19.18
2024-10-15 12:19:26,17.45,19.43
2024-10-15 12:19:27,17.45,19.63
2024-10-15 12:19:28,17.48,19.63
2024-10-15 12:19:29,17.44,19.54
2024-10-15 12:19:30,17.46,19.51
2024-10-15 12:19:31,17.48,19.54
2024-10-15 12:19:32,17.48,19.48
2024-10-15 12:19:33,17.5,19.51
2024-10-15 12:19:34,17.46,19.43
2024-10-15 12:19:35,17.49,19.21
2024-10-15 12:19:36,17.48,19.06
2024-10-15 12:19:37,17.49,19.03
2024-10-15 12:19:38,17.46,18.92
2024-10-15 12:19:39,17.49,18.86
2024-10-15 12:19:40,17.48,18.82
2024-10-15 12:19:41,17.49,18.92
2024-10-15 12:19:42,17.46,18.98
2024-10-15 12:19:43,17.5,18.86
2024-10-15 12:19:44,17.5,18.79
2024-10-15 12:19:45,17.5,18.76
2024-10-15 12:19:46,17.47,18.76
2024-10-15 12:19:47,17.47,18.67
2024-10-15 12:19:48,17.49,18.64
2024-10-15 12:19:49,17.46,18.55
2024-10-15 12:19:50,17.48,18.47
2024-10-15 12:19:51,17.5,18.44
2024-10-15 12:19:52,17.45,18.47
2024-10-15 12:19:53,17.5,18.47
2024-10-15 12:19:54,17.45,18.5
2024-10-15 12:19:55,17.46,18.53
2024-10-15 12:19:56,17.46,18.64
2024-10-15 12:19:57,17.48,18.73
2024-10-15 12:19:58,17.46,18.86
2024-10-15 12:19:59,17.46,18.82
2024-10-15 12:20:00,17.44,18.86
2024-10-15 12:20:01,17.44,18.79
2024-10-15 12:20:02,17.45,18.76
2024-10-15 12:20:03,17.46,18.73
2024-10-15 12:20:04,17.46,18.7
2024-10-15 12:20:05,17.45,18.47
2024-10-15 12:20:06,17.45,18.22
2024-10-15 12:20:07,17.46,18.13
2024-10-15 12:20:08,17.45,18.07
2024-10-15 12:20:09,17.42,17.96
2024-10-15 12:20:10,17.41,17.77
2024-10-15 12:20:11,17.41,17.71
2024-10-15 12:20:12,17.41,17.74
2024-10-15 12:20:13,17.39,17.74
2024-10-15 12:20:14,17.39,17.8
2024-10-15 12:20:15,17.4,17.77
2024-10-15 12:20:16,17.39,17.62
2024-10-15 12:20:17,17.39,17.45
2024-10-15 12:20:18,17.36,17.2
2024-10-15 12:20:19,17.39,17.09
2024-10-15 12:20:20,17.37,16.94
2024-10-15 12:20:21,17.4,16.85
2024-10-15 12:20:22,17.39,16.78
2024-10-15 12:20:23,17.39,16.78
2024-10-15 12:20:24,17.39,16.78
2024-10-15 12:20:25,17.39,16.85
2024-10-15 12:20:26,17.37,17.0
2024-10-15 12:20:27,17.39,17.09
2024-10-15 12:20:28,17.39,17.06
2024-10-15 12:20:29,17.4,17.0
2024-10-15 12:20:30,17.4,17.0
2024-10-15 12:20:31,17.39,17.03
2024-10-15 12:20:32,17.4,17.06
2024-10-15 12:20:33,17.39,17.03
2024-10-15 12:20:34,17.41,17.0
2024-10-15 12:20:35,17.39,17.03
2024-10-15 12:20:36,17.41,17.03
2024-10-15 12:20:37,17.41,16.97
2024-10-15 12:20:38,17.42,16.94
2024-10-15 12:20:39,17.4,16.91
2024-10-15 12:20:40,17.41,16.85
2024-10-15 12:20:41,17.42,16.69
2024-10-15 12:20:42,17.41,16.58
2024-10-15 12:20:43,17.42,16.55
2024-10-15 12:20:44,17.41,16.58
2024-10-15 12:20:45,17.42,16.58
2024-10-15 12:20:46,17.42,16.58
2024-10-15 12:20:47,17.41,16.61
2024-10-15 12:20:48,17.41,16.69
2024-10-15 12:20:49,17.41,16.82
2024-10-15 12:20:50,17.41,16.97
2024-10-15 12:20:51,17.42,17.0
2024-10-15 12:20:52,17.43,16.97
2024-10-15 12:20:53,17.42,16.91
2024-10-15 12:20:54,17.43,16.78
2024-10-15 12:20:55,17.44,16.75
2024-10-15 12:20:56,17.46,16.72
2024-10-15 12:20:57,17.45,16.82
2024-10-15 12:20:58,17.46,16.91
2024-10-15 12:20:59,17.48,17.06
2024-10-15 12:21:00,17.46,17.14
2024-10-15 12:21:01,17.42,17.23
2024-10-15 12:21:02,17.44,17.29
2024-10-15 12:21:03,17.46,17.23
2024-10-15 12:21:04,17.43,17.17
2024-10-15 12:21:05,17.42,17.09
2024-10-15 12:21:06,17.42,16.97
2024-10-15 12:21:07,17.41,17.0
2024-10-15 12:21:08,17.41,17.06
2024-10-15 12:21:09,17.42,17.09
2024-10-15 12:21:10,17.42,17.2
2024-10-15 12:21:11,17.42,17.26
2024-10-15 12:21:12,17.41,17.36
2024-10-15 12:21:13,17.39,17.39
2024-10-15 12:21:14,17.38,17.42
2024-10-15 12:21:15,17.4,17.33
2024-10-15 12:21:16,17.39,17.23
2024-10-15 12:21:17,17.37,17.17
2024-10-15 12:21:18,17.36,17.09
2024-10-15 12:21:19,17.33,17.11
2024-10-15 12:21:20,17.32,17.11
2024-10-15 12:21:21,17.32,17.14
2024-10-15 12:21:22,17.32,17.23
2024-10-15 12:21:23,17.32,17.33
2024-10-15 12:21:24,17.33,17.5
2024-10-15 12:21:25,17.32,17.74
2024-10-15 12:21:26,17.31,17.98
2024-10-15 12:21:27,17.29,18.04
2024-10-15 12:21:28,17.28,18.07
2024-10-15 12:21:29,17.28,17.98
2024-10-15 12:21:30,17.27,17.87
2024-10-15 12:21:31,17.26,17.84
2024-10-15 12:21:32,17.25,17.65
2024-10-15 12:21:33,17.24,17.53
2024-10-15 12:21:34,17.25,17.36
2024-10-15 12:21:35,17.26,17.29
2024-10-15 12:21:36,17.24,17.26
2024-10-15 12:21:37,17.27,17.23
2024-10-15 12:21:38,17.25,17.33
2024-10-15 12:21:39,17.25,17.39
2024-10-15 12:21:40,17.27,17.42
2024-10-15 12:21:41,17.25,17.42
2024-10-15 12:21:42,17.25,17.42
2024-10-15 12:21:43,17.26,17.44
2024-10-15 12:21:44,17.25,17.47
2024-10-15 12:21:45,17.25,17.5
2024-10-15 12:21:46,17.26,17.5
2024-10-15 12:21:47,17.25,17.5
2024-10-15 12:21:48,17.24,17.5
2024-10-15 12:21:49,17.23,17.53
2024-10-15 12:21:50,17.23,17.5
2024-10-15 12:21:51,17.21,17.33
2024-10-15 12:21:52,17.21,17.2
2024-10-15 12:21:53,17.23,17.17
2024-10-15 12:21:54,17.23,17.26
2024-10-15 12:21:55,17.25,17.44
2024-10-15 12:21:56,17.26,17.56
2024-10-15 12:21:57,17.26,17.68
2024-10-15 12:21:58,17.26,17.77
2024-10-15 12:21:59,17.26,17.59
2024-10-15 12:22:00,17.29,17.33
2024-10-15 12:22:01,17.28,17.11
2024-10-15 12:22:02,17.29,16.99
2024-10-15 12:22:03,17.28,17.05
2024-10-15 12:22:04,17.28,17.33
2024-10-15 12:22:05,17.31,17.71
2024-10-15 12:22:06,17.32,18.01
2024-10-15 12:22:07,17.32,18.34
2024-10-15 12:22:08,17.32,18.46
2024-10-15 12:22:09,17.32,18.55
2024-10-15 12:22:10,17.32,18.49
2024-10-15 12:22:11,17.31,18.4
2024-10-15 12:22:12,17.32,18.4
2024-10-15 12:22:13,17.31,18.49
2024-10-15 12:22:14,17.31,18.73
2024-10-15 12:22:15,17.29,18.81
2024-10-15 12:22:16,17.31,18.88
2024-10-15 12:22:17,17.29,18.97
2024-10-15 12:22:18,17.32,19.2
2024-10-15 12:22:19,17.32,19.23
2024-10-15 12:22:20,17.32,19.29
2024-10-15 12:22:21,17.32,19.29
2024-10-15 12:22:22,17.34,19.35
2024-10-15 12:22:23,17.37,19.45
2024-10-15 12:22:24,17.37,19.39
2024-10-15 12:22:25,17.38,19.42
2024-10-15 12:22:26,17.39,19.29
2024-10-15 12:22:27,17.39,19.29
2024-10-15 12:22:28,17.37,19.2
2024-10-15 12:22:29,17.39,19.12
2024-10-15 12:22:30,17.39,19.12
2024-10-15 12:22:31,17.4,19.2
2024-10-15 12:22:32,17.4,19.48
2024-10-15 12:22:33,17.41,19.71
2024-10-15 12:22:34,17.4,19.99
2024-10-15 12:22:35,17.39,20.22
2024-10-15 12:22:36,17.41,20.13
2024-10-15 12:22:37,17.4,20.05
2024-10-15 12:22:38,17.42,20.08
2024-10-15 12:22:39,17.42,19.9
2024-10-15 12:22:40,17.44,19.71
2024-10-15 12:22:41,17.48,19.63
2024-10-15 12:22:42,17.45,19.63
2024-10-15 12:22:43,17.45,19.74
2024-10-15 12:22:44,17.48,19.93
2024-10-15 12:22:45,17.47,20.08
2024-10-15 12:22:46,17.48,20.08
2024-10-15 12:22:47,17.49,20.05
2024-10-15 12:22:48,17.48,20.11
2024-10-15 12:22:49,17.48,20.22
2024-10-15 12:22:50,17.47,20.19
2024-10-15 12:22:51,17.49,20.14
2024-10-15 12:22:52,17.48,20.08
2024-10-15 12:22:53,17.5,20.02
2024-10-15 12:22:54,17.47,19.99
2024-10-15 12:22:55,17.46,19.99
2024-10-15 12:22:56,17.49,19.96
2024-10-15 12:22:57,17.49,19.83
2024-10-15 12:22:58,17.48,19.72
2024-10-15 12:22:59,17.47,19.72
2024-10-15 12:23:00,17.46,19.77
2024-10-15 12:23:01,17.46,19.86
2024-10-15 12:23:02,17.48,19.96
2024-10-15 12:23:03,17.46,20.02
2024-10-15 12:23:04,17.46,20.11
2024-10-15 12:23:05,17.45,20.25
2024-10-15 12:23:06,17.46,20.31
2024-10-15 12:23:07,17.46,20.22
2024-10-15 12:23:08,17.44,20.14
2024-10-15 12:23:09,17.46,19.99
2024-10-15 12:23:10,17.45,19.93
2024-10-15 12:23:11,17.48,19.83
2024-10-15 12:23:12,17.46,19.96
2024-10-15 12:23:13,17.46,19.99
2024-10-15 12:23:14,17.45,20.05
2024-10-15 12:23:15,17.46,20.14
2024-10-15 12:23:16,17.46,20.22
2024-10-15 12:23:17,17.46,20.25
2024-10-15 12:23:18,17.46,20.37
2024-10-15 12:23:19,17.46,20.56
2024-10-15 12:23:20,17.48,20.64
2024-10-15 12:23:21,17.46,20.7
2024-10-15 12:23:22,17.46,20.79
2024-10-15 12:23:23,17.46,20.76
2024-10-15 12:23:24,17.46,20.79
2024-10-15 12:23:25,17.46,20.76
2024-10-15 12:23:26,17.48,20.76
2024-10-15 12:23:27,17.46,20.64
2024-10-15 12:23:28,17.49,20.5
2024-10-15 12:23:29,17.47,20.37
2024-10-15 12:23:30,17.44,20.31
2024-10-15 12:23:31,17.46,20.28
2024-10-15 12:23:32,17.44,20.28
2024-10-15 12:23:33,17.46,20.31
2024-10-15 12:23:34,17.46,20.44
2024-10-15 12:23:35,17.45,20.56
2024-10-15 12:23:36,17.44,20.62
2024-10-15 12:23:37,17.43,20.7
2024-10-15 12:23:38,17.45,20.88
2024-10-15 12:23:39,17.43,20.95
2024-10-15 12:23:40,17.42,20.88
2024-10-15 12:23:41,17.45,20.82
2024-10-15 12:23:42,17.46,20.85
2024-10-15 12:23:43,17.44,20.95
2024-10-15 12:23:44,17.46,21.01
2024-10-15 12:23:45,17.45,21.12
2024-10-15 12:23:46,17.46,21.12
2024-10-15 12:23:47,17.45,21.06
2024-10-15 12:23:48,17.46,21.09
2024-10-15 12:23:49,17.43,21.18
2024-10-15 12:23:50,17.45,21.27
2024-10-15 12:23:51,17.43,21.33
2024-10-15 12:23:52,17.43,21.42
2024-10-15 12:23:53,17.44,21.52
2024-10-15 12:23:54,17.42,21.69
2024-10-15 12:23:55,17.4,21.72
2024-10-15 12:23:56,17.44,21.54
2024-10-15 12:23:57,17.42,21.36
2024-10-15 12:23:58,17.43,21.21
2024-10-15 12:23:59,17.42,21.15
2024-10-15 12:24:00,17.43,20.91
2024-10-15 12:24:01,17.42,20.82
2024-10-15 12:24:02,17.42,20.82
2024-10-15 12:24:03,17.41,21.04
2024-10-15 12:24:04,17.42,21.12
2024-10-15 12:24:05,17.43,21.21
2024-10-15 12:24:06,17.43,21.3
2024-10-15 12:24:07,17.41,21.33
2024-10-15 12:24:08,17.42,21.27
2024-10-15 12:24:09,17.41,21.21
2024-10-15 12:24:10,17.42,21.12
2024-10-15 12:24:11,17.43,20.95
2024-10-15 12:24:12,17.43,20.82
2024-10-15 12:24:13,17.43,20.82
2024-10-15 12:24:14,17.43,20.7
2024-10-15 12:24:15,17.42,20.62
2024-10-15 12:24:16,17.42,20.64
2024-10-15 12:24:17,17.41,20.73
2024-10-15 12:24:18,17.42,20.76
2024-10-15 12:24:19,17.42,20.7
2024-10-15 12:24:20,17.42,20.61
2024-10-15 12:24:21,17.41,20.59
2024-10-15 12:24:22,17.41,20.56
2024-10-15 12:24:23,17.42,20.53
2024-10-15 12:24:24,17.42,20.5
2024-10-15 12:24:25,17.39,20.47
2024-10-15 12:24:26,17.43,20.47
2024-10-15 12:24:27,17.42,20.5
2024-10-15 12:24:28,17.42,20.59
2024-10-15 12:24:29,17.42,20.56
2024-10-15 12:24:30,17.44,20.61
2024-10-15 12:24:31,17.43,20.7
2024-10-15 12:24:32,17.43,20.79
2024-10-15 12:24:33,17.4,21.01
2024-10-15 12:24:34,17.42,21.21
2024-10-15 12:24:35,17.4,21.33
2024-10-15 12:24:36,17.4,21.42
2024-10-15 12:24:37,17.42,21.46
2024-10-15 12:24:38,17.39,21.27
2024-10-15 12:24:39,17.42,21.15
2024-10-15 12:24:40,17.42,21.06
2024-10-15 12:24:41,17.41,20.88
2024-10-15 12:24:42,17.4,20.85
2024-10-15 12:24:43,17.41,20.85
2024-10-15 12:24:44,17.41,20.88
2024-10-15 12:24:45,17.43,21.04
2024-10-15 12:24:46,17.44,21.27
2024-10-15 12:24:47,17.41,21.27
2024-10-15 12:24:48,17.41,21.36
2024-10-15 12:24:49,17.41,21.52
2024-10-15 12:24:50,17.42,21.57
2024-10-15 12:24:51,17.41,21.54
2024-10-15 12:24:52,17.41,21.6
2024-10-15 12:24:53,17.42,21.63
2024-10-15 12:24:54,17.41,21.66
2024-10-15 12:24:55,17.4,21.69
2024-10-15 12:24:56,17.42,21.75
2024-10-15 12:24:57,17.42,21.66
2024-10-15 12:24:58,17.41,21.57
2024-10-15 12:24:59,17.41,21.63
2024-10-15 12:25:00,17.4,21.57
2024-10-15 12:25:01,17.39,21.66
2024-10-15 12:25:02,17.42,21.75
2024-10-15 12:25:03,17.42,21.87
2024-10-15 12:25:04,17.4,21.92
2024-10-15 12:25:05,17.42,21.96
2024-10-15 12:25:06,17.42,22.02
2024-10-15 12:25:07,17.41,22.08
2024-10-15 12:25:08,17.41,22.05
2024-10-15 12:25:09,17.42,22.05
2024-10-15 12:25:10,17.4,22.05
2024-10-15 12:25:11,17.41,22.05
2024-10-15 12:25:12,17.41,21.99
2024-10-15 12:25:13,17.42,21.9
2024-10-15 12:25:14,17.42,21.96
2024-10-15 12:25:15,17.42,21.93
2024-10-15 12:25:16,17.42,21.84
2024-10-15 12:25:17,17.41,21.75
2024-10-15 12:25:18,17.43,21.72
2024-10-15 12:25:19,17.39,21.6
2024-10-15 12:25:20,17.41,21.49
2024-10-15 12:25:21,17.38,21.39
2024-10-15 12:25:22,17.42,21.46
2024-10-15 12:25:23,17.39,21.46
2024-10-15 12:25:24,17.39,21.51
2024-10-15 12:25:25,17.39,21.57
2024-10-15 12:25:26,17.41,21.66
2024-10-15 12:25:27,17.42,21.72
2024-10-15 12:25:28,17.42,21.63
2024-10-15 12:25:29,17.39,21.57
2024-10-15 12:25:30,17.41,21.49
2024-10-15 12:25:31,17.39,21.39
2024-10-15 12:25:32,17.39,21.36
2024-10-15 12:25:33,17.39,21.3
2024-10-15 12:25:34,17.39,21.36
2024-10-15 12:25:35,17.4,21.39
2024-10-15 12:25:36,17.42,21.39
2024-10-15 12:25:37,17.39,21.46
2024-10-15 12:25:38,17.39,21.51
2024-10-15 12:25:39,17.42,21.66
2024-10-15 12:25:40,17.38,21.66
2024-10-15 12:25:41,17.4,21.78
2024-10-15 12:25:42,17.38,21.72
2024-10-15 12:25:43,17.39,21.63
2024-10-15 12:25:44,17.4,21.6
2024-10-15 12:25:45,17.39,21.63
2024-10-15 12:25:46,17.4,21.72
2024-10-15 12:25:47,17.4,21.72
2024-10-15 12:25:48,17.38,21.81
2024-10-15 12:25:49,17.39,21.84
2024-10-15 12:25:50,17.37,21.92
2024-10-15 12:25:51,17.39,21.99
2024-10-15 12:25:52,17.39,21.92
2024-10-15 12:25:53,17.39,21.93
2024-10-15 12:25:54,17.38,21.96
2024-10-15 12:25:55,17.4,21.96
2024-10-15 12:25:56,17.39,22.05
2024-10-15 12:25:57,17.4,22.05
2024-10-15 12:25:58,17.39,21.99
2024-10-15 12:25:59,17.39,21.9
2024-10-15 12:26:00,17.39,21.84
2024-10-15 12:26:01,17.39,21.84
2024-10-15 12:26:02,17.42,21.84
2024-10-15 12:26:03,17.41,21.78
2024-10-15 12:26:04,17.4,21.72
2024-10-15 12:26:05,17.39,21.78
2024-10-15 12:26:06,17.42,21.78
2024-10-15 12:26:07,17.41,21.69
2024-10-15 12:26:08,17.39,21.75
2024-10-15 12:26:09,17.41,21.84
2024-10-15 12:26:10,17.4,21.99
2024-10-15 12:26:11,17.39,22.02
2024-10-15 12:26:12,17.4,22.05
2024-10-15 12:26:13,17.42,22.02
2024-10-15 12:26:14,17.4,22.02
2024-10-15 12:26:15,17.41,22.11
2024-10-15 12:26:16,17.42,22.11
2024-10-15 12:26:17,17.44,22.02
2024-10-15 12:26:18,17.41,22.02
2024-10-15 12:26:19,17.42,22.05
2024-10-15 12:26:20,17.42,22.23
2024-10-15 12:26:21,17.4,22.26
2024-10-15 12:26:22,17.4,22.11
2024-10-15 12:26:23,17.42,22.11
2024-10-15 12:26:24,17.42,22.14
2024-10-15 12:26:25,17.41,22.17
2024-10-15 12:26:26,17.42,22.05
2024-10-15 12:26:27,17.4,21.99
2024-10-15 12:26:28,17.44,22.02
2024-10-15 12:26:29,17.44,22.05
2024-10-15 12:26:30,17.42,22.17
2024-10-15 12:26:31,17.42,22.32
2024-10-15 12:26:32,17.42,22.43
2024-10-15 12:26:33,17.42,22.32
2024-10-15 12:26:34,17.41,22.23
2024-10-15 12:26:35,17.42,22.11
2024-10-15 12:26:36,17.42,22.05
2024-10-15 12:26:37,17.43,21.92
2024-10-15 12:26:38,17.42,21.81
2024-10-15 12:26:39,17.42,21.72
2024-10-15 12:26:40,17.43,21.63
2024-10-15 12:26:41,17.42,21.57
2024-10-15 12:26:42,17.44,21.57
2024-10-15 12:26:43,17.44,21.57
2024-10-15 12:26:44,17.41,21.72
2024-10-15 12:26:45,17.42,21.87
2024-10-15 12:26:46,17.42,22.08
2024-10-15 12:26:47,17.42,22.29
2024-10-15 12:26:48,17.42,22.53
2024-10-15 12:26:49,17.43,22.46
2024-10-15 12:26:50,17.44,22.4
2024-10-15 12:26:51,17.43,22.35
2024-10-15 12:26:52,17.42,22.35
2024-10-15 12:26:53,17.42,22.32
2024-10-15 12:26:54,17.43,22.35
2024-10-15 12:26:55,17.42,22.43
2024-10-15 12:26:56,17.45,22.56
2024-10-15 12:26:57,17.41,22.74
2024-10-15 12:26:58,17.41,22.8
2024-10-15 12:26:59,17.41,22.77
2024-10-15 12:27:00,17.42,22.85
2024-10-15 12:27:01,17.42,23.07
2024-10-15 12:27:02,17.42,23.19
2024-10-15 12:27:03,17.42,23.22
2024-10-15 12:27:04,17.42,23.28
2024-10-15 12:27:05,17.43,23.25
2024-10-15 12:27:06,17.44,23.25
2024-10-15 12:27:07,17.43,23.28
2024-10-15 12:27:08,17.42,23.31
2024-10-15 12:27:09,17.45,23.25
2024-10-15 12:27:10,17.43,23.16
2024-10-15 12:27:11,17.44,23.07
2024-10-15 12:27:12,17.42,22.86
2024-10-15 12:27:13,17.42,22.91
2024-10-15 12:27:14,17.44,22.91
2024-10-15 12:27:15,17.43,22.91
2024-10-15 12:27:16,17.42,22.97
2024-10-15 12:27:17,17.42,22.97
2024-10-15 12:27:18,17.44,22.88
2024-10-15 12:27:19,17.43,22.85
2024-10-15 12:27:20,17.43,22.88
2024-10-15 12:27:21,17.43,23.04
2024-10-15 12:27:22,17.42,23.16
2024-10-15 12:27:23,17.41,23.28
2024-10-15 12:27:24,17.45,23.3
2024-10-15 12:27:25,17.44,23.48
2024-10-15 12:27:26,17.42,23.67
2024-10-15 12:27:27,17.44,23.73
2024-10-15 12:27:28,17.42,23.78
2024-10-15 12:27:29,17.42,23.75
2024-10-15 12:27:30,17.43,23.76
2024-10-15 12:27:31,17.43,23.73
2024-10-15 12:27:32,17.42,23.76
2024-10-15 12:27:33,17.46,23.84
2024-10-15 12:27:34,17.44,23.9
2024-10-15 12:27:35,17.45,23.99
2024-10-15 12:27:36,17.45,24.06
2024-10-15 12:27:37,17.42,24.15
2024-10-15 12:27:38,17.44,24.2
2024-10-15 12:27:39,17.44,24.32
2024-10-15 12:27:40,17.43,24.47
2024-10-15 12:27:41,17.46,24.54
2024-10-15 12:27:42,17.45,24.5
2024-10-15 12:27:43,17.44,24.44
2024-10-15 12:27:44,17.46,24.5
2024-10-15 12:27:45,17.44,24.44
2024-10-15 12:27:46,17.42,24.26
2024-10-15 12:27:47,17.42,24.06
2024-10-15 12:27:48,17.42,24.03
2024-10-15 12:27:49,17.44,24.03
2024-10-15 12:27:50,17.44,23.99
2024-10-15 12:27:51,17.45,24.06
2024-10-15 12:27:52,17.42,24.2
2024-10-15 12:27:53,17.46,24.35
2024-10-15 12:27:54,17.42,24.38
2024-10-15 12:27:55,17.42,24.35
2024-10-15 12:27:56,17.43,24.32
2024-10-15 12:27:57,17.46,24.26
2024-10-15 12:27:58,17.46,24.23
2024-10-15 12:27:59,17.46,24.26
2024-10-15 12:28:00,17.44,24.23
2024-10-15 12:28:01,17.44,24.26
2024-10-15 12:28:02,17.44,24.23
2024-10-15 12:28:03,17.43,24.23
2024-10-15 12:28:04,17.43,24.29
2024-10-15 12:28:05,17.42,24.35
2024-10-15 12:28:06,17.45,24.35
2024-10-15 12:28:07,17.43,24.26
2024-10-15 12:28:08,17.45,24.24
2024-10-15 12:28:09,17.44,24.23
2024-10-15 12:28:10,17.46,24.26
2024-10-15 12:28:11,17.46,24.23
2024-10-15 12:28:12,17.45,24.23
2024-10-15 12:28:13,17.43,24.29
2024-10-15 12:28:14,17.46,24.2
2024-10-15 12:28:15,17.44,24.03
2024-10-15 12:28:16,17.42,23.93
2024-10-15 12:28:17,17.43,23.87
2024-10-15 12:28:18,17.44,23.84
2024-10-15 12:28:19,17.43,23.81
2024-10-15 12:28:20,17.43,23.81
2024-10-15 12:28:21,17.43,23.81
2024-10-15 12:28:22,17.46,23.87
2024-10-15 12:28:23,17.43,23.9
2024-10-15 12:28:24,17.42,23.93
2024-10-15 12:28:25,17.44,23.9
2024-10-15 12:28:26,17.43,23.84
2024-10-15 12:28:27,17.42,23.76
2024-10-15 12:28:28,17.45,23.76
2024-10-15 12:28:29,17.44,23.78
2024-10-15 12:28:30,17.44,23.84
2024-10-15 12:28:31,17.43,24.09
2024-10-15 12:28:32,17.43,24.23
2024-10-15 12:28:33,17.42,24.29
2024-10-15 12:28:34,17.44,24.32
2024-10-15 12:28:35,17.42,24.29
2024-10-15 12:28:36,17.43,24.29
2024-10-15 12:28:37,17.44,24.23
2024-10-15 12:28:38,17.44,24.18
2024-10-15 12:28:39,17.42,24.15
2024-10-15 12:28:40,17.42,24.12
2024-10-15 12:28:41,17.42,24.03
2024-10-15 12:28:42,17.43,23.96
2024-10-15 12:28:43,17.43,23.96
2024-10-15 12:28:44,17.44,23.99
2024-10-15 12:28:45,17.42,24.12
2024-10-15 12:28:46,17.43,24.12
2024-10-15 12:28:47,17.42,24.09
2024-10-15 12:28:48,17.42,24.09
2024-10-15 12:28:49,17.44,24.06
2024-10-15 12:28:50,17.43,23.96
2024-10-15 12:28:51,17.44,23.87
2024-10-15 12:28:52,17.45,23.81
2024-10-15 12:28:53,17.43,23.73
2024-10-15 12:28:54,17.45,23.64
2024-10-15 12:28:55,17.43,23.7
2024-10-15 12:28:56,17.42,23.76
2024-10-15 12:28:57,17.42,23.73
2024-10-15 12:28:58,17.42,23.7
2024-10-15 12:28:59,17.44,23.64
2024-10-15 12:29:00,17.42,23.55
2024-10-15 12:29:01,17.44,23.52
2024-10-15 12:29:02,17.44,23.45
2024-10-15 12:29:03,17.42,23.45
2024-10-15 12:29:04,17.44,23.42
2024-10-15 12:29:05,17.44,23.39
2024-10-15 12:29:06,17.45,23.39
2024-10-15 12:29:07,17.44,23.48
2024-10-15 12:29:08,17.44,23.45
2024-10-15 12:29:09,17.44,23.58
2024-10-15 12:29:10,17.44,23.58
2024-10-15 12:29:11,17.42,23.55
2024-10-15 12:29:12,17.42,23.42
2024-10-15 12:29:13,17.42,23.33
2024-10-15 12:29:14,17.44,23.22
2024-10-15 12:29:15,17.44,23.22
2024-10-15 12:29:16,17.42,23.19
2024-10-15 12:29:17,17.42,23.22
2024-10-15 12:29:18,17.44,23.25
2024-10-15 12:29:19,17.44,23.22
2024-10-15 12:29:20,17.43,23.28
2024-10-15 12:29:21,17.43,23.25
2024-10-15 12:29:22,17.43,23.25
2024-10-15 12:29:23,17.44,23.19
2024-10-15 12:29:24,17.45,23.16
2024-10-15 12:29:25,17.43,23.13
2024-10-15 12:29:26,17.46,23.1
2024-10-15 12:29:27,17.42,23.07
2024-10-15 12:29:28,17.42,23.01
2024-10-15 12:29:29,17.43,22.97
2024-10-15 12:29:30,17.41,22.88
2024-10-15 12:29:31,17.43,22.8
2024-10-15 12:29:32,17.42,22.83
2024-10-15 12:29:33,17.43,22.97
2024-10-15 12:29:34,17.42,23.07
2024-10-15 12:29:35,17.42,23.1
2024-10-15 12:29:36,17.45,23.16
2024-10-15 12:29:37,17.43,23.16
2024-10-15 12:29:38,17.45,23.1
2024-10-15 12:29:39,17.42,23.13
2024-10-15 12:29:40,17.46,23.13
2024-10-15 12:29:41,17.45,23.22
2024-10-15 12:29:42,17.46,23.25
2024-10-15 12:29:43,17.46,23.36
2024-10-15 12:29:44,17.46,23.55
2024-10-15 12:29:45,17.46,23.73
2024-10-15 12:29:46,17.48,23.73
2024-10-15 12:29:47,17.46,23.7
2024-10-15 12:29:48,17.48,23.55
2024-10-15 12:29:49,17.45,23.31
2024-10-15 12:29:50,17.46,23.16
2024-10-15 12:29:51,17.43,23.1
2024-10-15 12:29:52,17.44,23.07
2024-10-15 12:29:53,17.45,22.97
2024-10-15 12:29:54,17.43,22.94
2024-10-15 12:29:55,17.43,22.86
2024-10-15 12:29:56,17.43,22.83
2024-10-15 12:29:57,17.45,22.83
2024-10-15 12:29:58,17.46,22.94
2024-10-15 12:29:59,17.45,22.97
2024-10-15 12:30:00,17.46,23.04
2024-10-15 12:30:01,17.46,23.1
2024-10-15 12:30:02,17.45,23.07
2024-10-15 12:30:03,17.45,23.16
2024-10-15 12:30:04,17.43,23.13
2024-10-15 12:30:05,17.45,23.04
2024-10-15 12:30:06,17.46,22.94
2024-10-15 12:30:07,17.42,22.91
2024-10-15 12:30:08,17.45,22.88
2024-10-15 12:30:09,17.43,22.86
2024-10-15 12:30:10,17.43,22.94
2024-10-15 12:30:11,17.42,23.13
2024-10-15 12:30:12,17.45,23.16
2024-10-15 12:30:13,17.44,23.19
2024-10-15 12:30:14,17.43,23.22
2024-10-15 12:30:15,17.42,23.16
2024-10-15 12:30:16,17.43,23.19
2024-10-15 12:30:17,17.43,23.31
2024-10-15 12:30:18,17.43,23.45
2024-10-15 12:30:19,17.46,23.67
2024-10-15 12:30:20,17.45,23.9
2024-10-15 12:30:21,17.44,23.99
2024-10-15 12:30:22,17.44,24.03
2024-10-15 12:30:23,17.43,24.09
2024-10-15 12:30:24,17.44,24.06
2024-10-15 12:30:25,17.45,24.06
2024-10-15 12:30:26,17.46,24.03
2024-10-15 12:30:27,17.44,23.87
2024-10-15 12:30:28,17.42,23.79
2024-10-15 12:30:29,17.45,23.81
2024-10-15 12:30:30,17.43,23.73
2024-10-15 12:30:31,17.44,23.58
2024-10-15 12:30:32,17.46,23.52
2024-10-15 12:30:33,17.45,23.61
2024-10-15 12:30:34,17.43,23.7
2024-10-15 12:30:35,17.46,23.73
2024-10-15 12:30:36,17.44,23.73
2024-10-15 12:30:37,17.46,23.76
2024-10-15 12:30:38,17.44,23.7
2024-10-15 12:30:39,17.46,23.7
2024-10-15 12:30:40,17.45,23.76
2024-10-15 12:30:41,17.46,23.73
2024-10-15 12:30:42,17.46,23.78
2024-10-15 12:30:43,17.46,23.78
2024-10-15 12:30:44,17.45,23.73
2024-10-15 12:30:45,17.45,23.81
2024-10-15 12:30:46,17.46,23.96
2024-10-15 12:30:47,17.46,23.99
2024-10-15 12:30:48,17.46,23.93
2024-10-15 12:30:49,17.45,23.87
2024-10-15 12:30:50,17.48,23.76
2024-10-15 12:30:51,17.44,23.64
2024-10-15 12:30:52,17.46,23.55
2024-10-15 12:30:53,17.46,23.58
2024-10-15 12:30:54,17.46,23.58
2024-10-15 12:30:55,17.48,23.61
2024-10-15 12:30:56,17.46,23.64
2024-10-15 12:30:57,17.46,23.64
2024-10-15 12:30:58,17.48,23.67
2024-10-15 12:30:59,17.48,23.76
2024-10-15 12:31:00,17.48,23.79
2024-10-15 12:31:01,17.46,23.81
2024-10-15 12:31:02,17.46,23.9
2024-10-15 12:31:03,17.46,23.9
2024-10-15 12:31:04,17.48,23.9
2024-10-15 12:31:05,17.46,23.79
2024-10-15 12:31:06,17.48,23.64
2024-10-15 12:31:07,17.49,23.52
2024-10-15 12:31:08,17.45,23.42
2024-10-15 12:31:09,17.45,23.34
2024-10-15 12:31:10,17.45,23.28
2024-10-15 12:31:11,17.48,23.28
2024-10-15 12:31:12,17.46,23.22
2024-10-15 12:31:13,17.45,23.28
2024-10-15 12:31:14,17.46,23.36
2024-10-15 12:31:15,17.48,23.37
2024-10-15 12:31:16,17.49,23.36
2024-10-15 12:31:17,17.45,23.22
2024-10-15 12:31:18,17.46,23.19
2024-10-15 12:31:19,17.46,23.25
2024-10-15 12:31:20,17.44,23.36
2024-10-15 12:31:21,17.46,23.45
2024-10-15 12:31:22,17.44,23.55
2024-10-15 12:31:23,17.46,23.67
2024-10-15 12:31:24,17.42,23.67
2024-10-15 12:31:25,17.45,23.73
2024-10-15 12:31:26,17.45,23.9
2024-10-15 12:31:27,17.44,23.96
2024-10-15 12:31:28,17.44,23.96
2024-10-15 12:31:29,17.44,23.84
2024-10-15 12:31:30,17.43,23.79
2024-10-15 12:31:31,17.45,23.81
2024-10-15 12:31:32,17.45,23.84
2024-10-15 12:31:33,17.44,23.82
2024-10-15 12:31:34,17.44,23.78
2024-10-15 12:31:35,17.45,23.81
2024-10-15 12:31:36,17.43,24.06
2024-10-15 12:31:37,17.45,24.21
2024-10-15 12:31:38,17.46,24.35
2024-10-15 12:31:39,17.43,24.38
2024-10-15 12:31:40,17.45,24.38
2024-10-15 12:31:41,17.45,24.41
2024-10-15 12:31:42,17.44,24.35
2024-10-15 12:31:43,17.46,24.29
2024-10-15 12:31:44,17.43,24.35
2024-10-15 12:31:45,17.43,24.38
2024-10-15 12:31:46,17.42,24.32
2024-10-15 12:31:47,17.43,24.26
2024-10-15 12:31:48,17.46,24.24
2024-10-15 12:31:49,17.48,24.2
2024-10-15 12:31:50,17.45,24.18
2024-10-15 12:31:51,17.46,24.26
2024-10-15 12:31:52,17.44,24.26
2024-10-15 12:31:53,17.45,24.26
2024-10-15 12:31:54,17.43,24.35
2024-10-15 12:31:55,17.46,24.5
2024-10-15 12:31:56,17.46,24.63
2024-10-15 12:31:57,17.43,24.69
2024-10-15 12:31:58,17.45,24.74
2024-10-15 12:31:59,17.44,24.92
2024-10-15 12:32:00,17.46,25.01
2024-10-15 12:32:01,17.44,25.04
2024-10-15 12:32:02,17.44,25.08
2024-10-15 12:32:03,17.45,25.14
2024-10-15 12:32:04,17.43,25.08
2024-10-15 12:32:05,17.44,25.01
2024-10-15 12:32:06,17.44,24.95
2024-10-15 12:32:07,17.46,24.86
2024-10-15 12:32:08,17.48,24.8
2024-10-15 12:32:09,17.45,24.77
2024-10-15 12:32:10,17.48,24.77
2024-10-15 12:32:11,17.44,24.8
2024-10-15 12:32:12,17.46,24.77
2024-10-15 12:32:13,17.46,24.77
2024-10-15 12:32:14,17.44,24.68
2024-10-15 12:32:15,17.45,24.6
2024-10-15 12:32:16,17.46,24.6
2024-10-15 12:32:17,17.44,24.57
2024-10-15 12:32:18,17.46,24.5
2024-10-15 12:32:19,17.44,24.5
2024-10-15 12:32:20,17.44,24.5
2024-10-15 12:32:21,17.4,24.63
2024-10-15 12:32:22,17.4,24.69
2024-10-15 12:32:23,17.4,24.57
2024-10-15 12:32:24,17.39,24.5
2024-10-15 12:32:25,17.39,24.41
2024-10-15 12:32:26,17.39,24.35
2024-10-15 12:32:27,17.39,24.32
2024-10-15 12:32:28,17.4,24.32
2024-10-15 12:32:29,17.39,24.32
2024-10-15 12:32:30,17.4,24.29
2024-10-15 12:32:31,17.37,24.35
2024-10-15 12:32:32,17.39,24.44
2024-10-15 12:32:33,17.37,24.54
2024-10-15 12:32:34,17.38,24.54
2024-10-15 12:32:35,17.37,24.63
2024-10-15 12:32:36,17.36,24.62
2024-10-15 12:32:37,17.34,24.65
2024-10-15 12:32:38,17.36,24.65
2024-10-15 12:32:39,17.37,24.65
2024-10-15 12:32:40,17.35,24.68
2024-10-15 12:32:41,17.35,24.63
2024-10-15 12:32:42,17.35,24.57
2024-10-15 12:32:43,17.36,24.54
2024-10-15 12:32:44,17.38,24.65
2024-10-15 12:32:45,17.35,24.65
2024-10-15 12:32:46,17.34,24.57
2024-10-15 12:32:47,17.36,24.47
2024-10-15 12:32:48,17.36,24.35
2024-10-15 12:32:49,17.34,24.38
2024-10-15 12:32:50,17.37,24.54
2024-10-15 12:32:51,17.35,24.77
2024-10-15 12:32:52,17.35,24.83
2024-10-15 12:32:53,17.33,24.74
2024-10-15 12:32:54,17.36,24.68
2024-10-15 12:32:55,17.35,24.71
2024-10-15 12:32:56,17.36,24.62
2024-10-15 12:32:57,17.32,24.6
2024-10-15 12:32:58,17.35,24.5
2024-10-15 12:32:59,17.33,24.5
2024-10-15 12:33:00,17.33,24.5
2024-10-15 12:33:01,17.32,24.44
2024-10-15 12:33:02,17.33,24.35
2024-10-15 12:33:03,17.35,24.44
2024-10-15 12:33:04,17.32,24.59
2024-10-15 12:33:05,17.34,24.68
2024-10-15 12:33:06,17.35,24.8
2024-10-15 12:33:07,17.34,24.83
2024-10-15 12:33:08,17.35,24.83
2024-10-15 12:33:09,17.36,24.77
2024-10-15 12:33:10,17.34,24.77
2024-10-15 12:33:11,17.35,24.74
2024-10-15 12:33:12,17.36,24.71
2024-10-15 12:33:13,17.33,24.65
2024-10-15 12:33:14,17.35,24.62
2024-10-15 12:33:15,17.34,24.62
2024-10-15 12:33:16,17.35,24.59
2024-10-15 12:33:17,17.34,24.59
2024-10-15 12:33:18,17.35,24.62
2024-10-15 12:33:19,17.32,24.68
2024-10-15 12:33:20,17.33,24.71
2024-10-15 12:33:21,17.34,24.71
2024-10-15 12:33:22,17.34,24.74
2024-10-15 12:33:23,17.34,24.71
2024-10-15 12:33:24,17.34,24.71
2024-10-15 12:33:25,17.35,24.71
2024-10-15 12:33:26,17.34,24.71
2024-10-15 12:33:27,17.34,24.71
2024-10-15 12:33:28,17.34,24.68
2024-10-15 12:33:29,17.33,24.65
2024-10-15 12:33:30,17.35,24.65
2024-10-15 12:33:31,17.36,24.59
2024-10-15 12:33:32,17.33,24.47
2024-10-15 12:33:33,17.33,24.47
2024-10-15 12:33:34,17.35,24.56
2024-10-15 12:33:35,17.34,24.56
2024-10-15 12:33:36,17.35,24.59
2024-10-15 12:33:37,17.34,24.65
2024-10-15 12:33:38,17.36,24.59
2024-10-15 12:33:39,17.34,24.68
2024-10-15 12:33:40,17.36,24.71
2024-10-15 12:33:41,17.35,24.71
2024-10-15 12:33:42,17.36,24.71
2024-10-15 12:33:43,17.36,24.71
2024-10-15 12:33:44,17.38,24.74
2024-10-15 12:33:45,17.36,24.77
2024-10-15 12:33:46,17.37,24.74
2024-10-15 12:33:47,17.35,24.92
2024-10-15 12:33:48,17.33,25.03
2024-10-15 12:33:49,17.36,25.1
2024-10-15 12:33:50,17.36,25.13
2024-10-15 12:33:51,17.34,25.19
2024-10-15 12:33:52,17.35,25.16
2024-10-15 12:33:53,17.36,25.13
2024-10-15 12:33:54,17.36,25.1
2024-10-15 12:33:55,17.34,25.13
2024-10-15 12:33:56,17.34,25.16
2024-10-15 12:33:57,17.36,25.13
2024-10-15 12:33:58,17.34,25.16
2024-10-15 12:33:59,17.34,25.16
2024-10-15 12:34:00,17.35,25.16
2024-10-15 12:34:01,17.35,25.25
2024-10-15 12:34:02,17.34,25.31
2024-10-15 12:34:03,17.37,25.43
2024-10-15 12:34:04,17.35,25.48
2024-10-15 12:34:05,17.38,25.51
2024-10-15 12:34:06,17.35,25.51
2024-10-15 12:34:07,17.35,25.51
2024-10-15 12:34:08,17.35,25.48
2024-10-15 12:34:09,17.36,25.48
2024-10-15 12:34:10,17.34,25.48
2024-10-15 12:34:11,17.35,25.43
2024-10-15 12:34:12,17.36,25.28
2024-10-15 12:34:13,17.37,25.22
2024-10-15 12:34:14,17.34,25.13
2024-10-15 12:34:15,17.36,25.07
2024-10-15 12:34:16,17.36,24.92
2024-10-15 12:34:17,17.34,24.83
2024-10-15 12:34:18,17.37,24.86
2024-10-15 12:34:19,17.35,24.74
2024-10-15 12:34:20,17.37,24.74
2024-10-15 12:34:21,17.38,24.8
2024-10-15 12:34:22,17.37,24.86
2024-10-15 12:34:23,17.37,24.89
2024-10-15 12:34:24,17.36,24.92
2024-10-15 12:34:25,17.36,24.89
2024-10-15 12:34:26,17.37,24.86
2024-10-15 12:34:27,17.34,24.83
2024-10-15 12:34:28,17.37,24.86
2024-10-15 12:34:29,17.37,24.77
2024-10-15 12:34:30,17.36,24.74
2024-10-15 12:34:31,17.37,24.68
2024-10-15 12:34:32,17.36,24.65
2024-10-15 12:34:33,17.39,24.65
2024-10-15 12:34:34,17.38,24.65
2024-10-15 12:34:35,17.38,24.68
2024-10-15 12:34:36,17.39,24.74
2024-10-15 12:34:37,17.36,24.74
2024-10-15 12:34:38,17.39,24.68
2024-10-15 12:34:39,17.37,24.71
2024-10-15 12:34:40,17.39,24.77
2024-10-15 12:34:41,17.37,24.68
2024-10-15 12:34:42,17.39,24.65
2024-10-15 12:34:43,17.38,24.65
2024-10-15 12:34:44,17.39,24.68
2024-10-15 12:34:45,17.4,24.77
2024-10-15 12:34:46,17.39,24.95
2024-10-15 12:34:47,17.39,24.89
2024-10-15 12:34:48,17.42,24.95
2024-10-15 12:34:49,17.41,24.92
2024-10-15 12:34:50,17.42,24.74
2024-10-15 12:34:51,17.42,24.62
2024-10-15 12:34:52,17.44,24.5
2024-10-15 12:34:53,17.43,24.32
2024-10-15 12:34:54,17.42,24.23
2024-10-15 12:34:55,17.42,24.23
2024-10-15 12:34:56,17.42,24.32
2024-10-15 12:34:57,17.43,24.54
2024-10-15 12:34:58,17.42,24.71
2024-10-15 12:34:59,17.44,24.65
2024-10-15 12:35:00,17.45,24.62
2024-10-15 12:35:01,17.44,24.54
2024-10-15 12:35:02,17.46,24.47
2024-10-15 12:35:03,17.44,24.41
2024-10-15 12:35:04,17.46,24.41
2024-10-15 12:35:05,17.45,24.29
2024-10-15 12:35:06,17.45,24.29
2024-10-15 12:35:07,17.46,24.23
2024-10-15 12:35:08,17.42,24.15
2024-10-15 12:35:09,17.43,24.17
2024-10-15 12:35:10,17.44,24.26
2024-10-15 12:35:11,17.43,24.47
2024-10-15 12:35:12,17.42,24.57
2024-10-15 12:35:13,17.42,24.71
2024-10-15 12:35:14,17.43,24.74
2024-10-15 12:35:15,17.42,24.71
2024-10-15 12:35:16,17.42,24.65
2024-10-15 12:35:17,17.42,24.57
2024-10-15 12:35:18,17.42,24.44
2024-10-15 12:35:19,17.42,24.32
2024-10-15 12:35:20,17.42,24.23
2024-10-15 12:35:21,17.42,24.09
2024-10-15 12:35:22,17.42,24.03
2024-10-15 12:35:23,17.42,24.03
2024-10-15 12:35:24,17.42,24.12
2024-10-15 12:35:25,17.44,24.17
2024-10-15 12:35:26,17.42,24.17
2024-10-15 12:35:27,17.43,24.2
2024-10-15 12:35:28,17.41,24.26
2024-10-15 12:35:29,17.4,24.47
2024-10-15 12:35:30,17.42,24.65
2024-10-15 12:35:31,17.4,24.77
2024-10-15 12:35:32,17.41,24.65
2024-10-15 12:35:33,17.42,24.47
2024-10-15 12:35:34,17.42,24.32
2024-10-15 12:35:35,17.42,24.32
2024-10-15 12:35:36,17.41,24.26
2024-10-15 12:35:37,17.42,24.23
2024-10-15 12:35:38,17.41,24.38
2024-10-15 12:35:39,17.4,24.54
2024-10-15 12:35:40,17.4,24.6
2024-10-15 12:35:41,17.4,24.65
2024-10-15 12:35:42,17.4,24.74
2024-10-15 12:35:43,17.4,24.74
2024-10-15 12:35:44,17.39,24.71
2024-10-15 12:35:45,17.4,24.62
2024-10-15 12:35:46,17.39,24.56
2024-10-15 12:35:47,17.39,24.57
2024-10-15 12:35:48,17.4,24.47
2024-10-15 12:35:49,17.39,24.41
2024-10-15 12:35:50,17.41,24.47
2024-10-15 12:35:51,17.4,24.41
2024-10-15 12:35:52,17.4,24.32
2024-10-15 12:35:53,17.39,24.35
2024-10-15 12:35:54,17.39,24.32
2024-10-15 12:35:55,17.4,24.38
2024-10-15 12:35:56,17.41,24.32
2024-10-15 12:35:57,17.41,24.23
2024-10-15 12:35:58,17.43,24.29
2024-10-15 12:35:59,17.42,24.35
2024-10-15 12:36:00,17.4,24.29
2024-10-15 12:36:01,17.4,24.26
2024-10-15 12:36:02,17.39,24.14
2024-10-15 12:36:03,17.42,24.06
2024-10-15 12:36:04,17.41,23.87
2024-10-15 12:36:05,17.41,23.75
2024-10-15 12:36:06,17.4,23.64
2024-10-15 12:36:07,17.39,23.64
2024-10-15 12:36:08,17.39,23.52
2024-10-15 12:36:09,17.4,23.42
2024-10-15 12:36:10,17.38,23.48
2024-10-15 12:36:11,17.39,23.61
2024-10-15 12:36:12,17.39,23.72
2024-10-15 12:36:13,17.41,23.72
2024-10-15 12:36:14,17.39,23.61
2024-10-15 12:36:15,17.42,23.58
2024-10-15 12:36:16,17.41,23.48
2024-10-15 12:36:17,17.39,23.48
2024-10-15 12:36:18,17.41,23.39
2024-10-15 12:36:19,17.4,23.3
2024-10-15 12:36:20,17.4,23.28
2024-10-15 12:36:21,17.4,23.1
2024-10-15 12:36:22,17.41,22.85
2024-10-15 12:36:23,17.4,22.74
2024-10-15 12:36:24,17.39,22.68
2024-10-15 12:36:25,17.39,22.74
2024-10-15 12:36:26,17.41,22.85
2024-10-15 12:36:27,17.39,22.74
2024-10-15 12:36:28,17.39,22.71
2024-10-15 12:36:29,17.39,22.71
2024-10-15 12:36:30,17.41,22.71
2024-10-15 12:36:31,17.39,22.77
2024-10-15 12:36:32,17.4,22.85
2024-10-15 12:36:33,17.39,22.97
2024-10-15 12:36:34,17.43,23.01
2024-10-15 12:36:35,17.42,22.97
2024-10-15 12:36:36,17.42,23.01
2024-10-15 12:36:37,17.45,23.1
2024-10-15 12:36:38,17.44,23.19
2024-10-15 12:36:39,17.46,23.25
2024-10-15 12:36:40,17.46,23.3
2024-10-15 12:36:41,17.46,23.3
2024-10-15 12:36:42,17.46,23.16
2024-10-15 12:36:43,17.46,23.01
2024-10-15 12:36:44,17.43,22.91
2024-10-15 12:36:45,17.43,22.83
2024-10-15 12:36:46,17.42,22.85
2024-10-15 12:36:47,17.41,22.91
2024-10-15 12:36:48,17.42,23.01
2024-10-15 12:36:49,17.41,23.04
2024-10-15 12:36:50,17.4,23.1
2024-10-15 12:36:51,17.39,23.25
2024-10-15 12:36:52,17.42,23.42
2024-10-15 12:36:53,17.4,23.7
2024-10-15 12:36:54,17.42,23.81
2024-10-15 12:36:55,17.41,23.87
2024-10-15 12:36:56,17.39,23.93
2024-10-15 12:36:57,17.43,23.99
2024-10-15 12:36:58,17.41,24.15
2024-10-15 12:36:59,17.39,24.32
2024-10-15 12:37:00,17.42,24.38
2024-10-15 12:37:01,17.41,24.5
2024-10-15 12:37:02,17.4,24.68
2024-10-15 12:37:03,17.41,24.74
2024-10-15 12:37:04,17.39,24.71
2024-10-15 12:37:05,17.39,24.71
2024-10-15 12:37:06,17.37,24.74
2024-10-15 12:37:07,17.38,24.77
2024-10-15 12:37:08,17.39,24.86
2024-10-15 12:37:09,17.39,24.86
2024-10-15 12:37:10,17.36,24.95
2024-10-15 12:37:11,17.35,25.16
2024-10-15 12:37:12,17.37,25.25
2024-10-15 12:37:13,17.36,25.34
2024-10-15 12:37:14,17.33,25.37
2024-10-15 12:37:15,17.33,25.43
2024-10-15 12:37:16,17.33,25.34
2024-10-15 12:37:17,17.33,25.22
2024-10-15 12:37:18,17.36,25.03
2024-10-15 12:37:19,17.32,24.92
2024-10-15 12:37:20,17.36,24.92
2024-10-15 12:37:21,17.37,24.95
2024-10-15 12:37:22,17.38,24.95
2024-10-15 12:37:23,17.37,25.07
2024-10-15 12:37:24,17.36,25.01
2024-10-15 12:37:25,17.36,25.13
2024-10-15 12:37:26,17.38,25.1
2024-10-15 12:37:27,17.35,25.13
2024-10-15 12:37:28,17.35,25.03
2024-10-15 12:37:29,17.36,24.92
2024-10-15 12:37:30,17.37,24.92
2024-10-15 12:37:31,17.35,24.8
2024-10-15 12:37:32,17.34,24.86
2024-10-15 12:37:33,17.34,24.89
2024-10-15 12:37:34,17.36,24.83
2024-10-15 12:37:35,17.37,24.83
2024-10-15 12:37:36,17.36,24.83
2024-10-15 12:37:37,17.35,24.83
2024-10-15 12:37:38,17.37,24.83
2024-10-15 12:37:39,17.35,24.77
2024-10-15 12:37:40,17.39,24.65
2024-10-15 12:37:41,17.35,24.56
2024-10-15 12:37:42,17.38,24.44
2024-10-15 12:37:43,17.34,24.41
2024-10-15 12:37:44,17.37,24.47
2024-10-15 12:37:45,17.36,24.44
2024-10-15 12:37:46,17.38,24.47
2024-10-15 12:37:47,17.4,24.54
2024-10-15 12:37:48,17.4,24.68
2024-10-15 12:37:49,17.41,24.65
2024-10-15 12:37:50,17.39,24.71
2024-10-15 12:37:51,17.41,24.62
2024-10-15 12:37:52,17.4,24.65
2024-10-15 12:37:53,17.39,24.6
2024-10-15 12:37:54,17.39,24.57
2024-10-15 12:37:55,17.39,24.65
2024-10-15 12:37:56,17.39,24.71
2024-10-15 12:37:57,17.39,24.83
2024-10-15 12:37:58,17.39,24.92
2024-10-15 12:37:59,17.37,25.01
2024-10-15 12:38:00,17.39,24.98
2024-10-15 12:38:01,17.38,25.01
2024-10-15 12:38:02,17.37,25.07
2024-10-15 12:38:03,17.35,25.19
2024-10-15 12:38:04,17.37,25.19
2024-10-15 12:38:05,17.34,25.28
2024-10-15 12:38:06,17.34,25.37
2024-10-15 12:38:07,17.36,25.37
2024-10-15 12:38:08,17.35,25.31
2024-10-15 12:38:09,17.34,25.31
2024-10-15 12:38:10,17.35,25.4
2024-10-15 12:38:11,17.33,25.43
2024-10-15 12:38:12,17.34,25.51
2024-10-15 12:38:13,17.33,25.51
2024-10-15 12:38:14,17.34,25.61
2024-10-15 12:38:15,17.36,25.7
2024-10-15 12:38:16,17.34,25.7
2024-10-15 12:38:17,17.33,25.67
2024-10-15 12:38:18,17.32,25.67
2024-10-15 12:38:19,17.34,25.76
2024-10-15 12:38:20,17.33,25.79
2024-10-15 12:38:21,17.33,25.79
2024-10-15 12:38:22,17.35,25.82
2024-10-15 12:38:23,17.33,25.76
2024-10-15 12:38:24,17.32,25.76
2024-10-15 12:38:25,17.32,25.7
2024-10-15 12:38:26,17.32,25.73
2024-10-15 12:38:27,17.32,25.82
2024-10-15 12:38:28,17.37,25.9
2024-10-15 12:38:29,17.33,25.99
2024-10-15 12:38:30,17.33,25.9
2024-10-15 12:38:31,17.35,25.96
2024-10-15 12:38:32,17.33,25.93
2024-10-15 12:38:33,17.32,25.87
2024-10-15 12:38:34,17.36,25.9
2024-10-15 12:38:35,17.34,26.05
2024-10-15 12:38:36,17.32,26.26
2024-10-15 12:38:37,17.33,26.5
2024-10-15 12:38:38,17.33,26.56
2024-10-15 12:38:39,17.32,26.53
2024-10-15 12:38:40,17.32,26.5
2024-10-15 12:38:41,17.32,26.5
2024-10-15 12:38:42,17.31,26.5
2024-10-15 12:38:43,17.31,26.53
2024-10-15 12:38:44,17.32,26.59
2024-10-15 12:38:45,17.29,26.59
2024-10-15 12:38:46,17.32,26.63
2024-10-15 12:38:47,17.29,26.66
2024-10-15 12:38:48,17.32,26.66
2024-10-15 12:38:49,17.31,26.63
2024-10-15 12:38:50,17.31,26.59
2024-10-15 12:38:51,17.29,26.47
2024-10-15 12:38:52,17.32,26.38
2024-10-15 12:38:53,17.31,26.35
2024-10-15 12:38:54,17.31,26.32
2024-10-15 12:38:55,17.31,26.24
2024-10-15 12:38:56,17.32,26.21
2024-10-15 12:38:57,17.32,26.15
2024-10-15 12:38:58,17.32,26.15
2024-10-15 12:38:59,17.32,26.09
2024-10-15 12:39:00,17.31,26.15
2024-10-15 12:39:01,17.32,26.09
2024-10-15 12:39:02,17.3,26.05
2024-10-15 12:39:03,17.31,26.05
2024-10-15 12:39:04,17.31,26.02
2024-10-15 12:39:05,17.3,25.93
2024-10-15 12:39:06,17.33,25.87
2024-10-15 12:39:07,17.32,25.81
2024-10-15 12:39:08,17.32,25.82
2024-10-15 12:39:09,17.32,25.81
2024-10-15 12:39:10,17.31,25.78
2024-10-15 12:39:11,17.32,25.79
2024-10-15 12:39:12,17.31,25.78
2024-10-15 12:39:13,17.33,25.76
2024-10-15 12:39:14,17.32,25.7
2024-10-15 12:39:15,17.32,25.7
2024-10-15 12:39:16,17.32,25.73
2024-10-15 12:39:17,17.32,25.79
2024-10-15 12:39:18,17.31,25.73
2024-10-15 12:39:19,17.32,25.61
2024-10-15 12:39:20,17.33,25.48
2024-10-15 12:39:21,17.32,25.37
2024-10-15 12:39:22,17.34,25.19
2024-10-15 12:39:23,17.34,25.13
2024-10-15 12:39:24,17.32,25.03
2024-10-15 12:39:25,17.34,24.94
2024-10-15 12:39:26,17.33,24.91
2024-10-15 12:39:27,17.33,24.92
2024-10-15 12:39:28,17.32,25.07
2024-10-15 12:39:29,17.33,25.03
2024-10-15 12:39:30,17.32,24.91
2024-10-15 12:39:31,17.35,24.77
2024-10-15 12:39:32,17.34,24.56
2024-10-15 12:39:33,17.35,24.38
2024-10-15 12:39:34,17.35,24.26
2024-10-15 12:39:35,17.39,24.14
2024-10-15 12:39:36,17.37,24.08
2024-10-15 12:39:37,17.37,24.06
2024-10-15 12:39:38,17.39,24.14
2024-10-15 12:39:39,17.4,24.29
2024-10-15 12:39:40,17.42,24.35
2024-10-15 12:39:41,17.4,24.38
2024-10-15 12:39:42,17.41,24.32
2024-10-15 12:39:43,17.4,24.32
2024-10-15 12:39:44,17.41,24.23
2024-10-15 12:39:45,17.42,24.11
2024-10-15 12:39:46,17.42,24.03
2024-10-15 12:39:47,17.44,23.93
2024-10-15 12:39:48,17.43,23.84
2024-10-15 12:39:49,17.42,23.84
2024-10-15 12:39:50,17.42,23.9
2024-10-15 12:39:51,17.42,23.93
2024-10-15 12:39:52,17.41,23.96
2024-10-15 12:39:53,17.42,23.96
2024-10-15 12:39:54,17.41,23.9
2024-10-15 12:39:55,17.39,23.84
2024-10-15 12:39:56,17.41,23.81
2024-10-15 12:39:57,17.43,23.66
2024-10-15 12:39:58,17.42,23.58
2024-10-15 12:39:59,17.44,23.58
2024-10-15 12:40:00,17.43,23.52
2024-10-15 12:40:01,17.43,23.42
2024-10-15 12:40:02,17.45,23.33
2024-10-15 12:40:03,17.43,23.24
2024-10-15 12:40:04,17.46,23.13
2024-10-15 12:40:05,17.46,22.94
2024-10-15 12:40:06,17.46,22.82
2024-10-15 12:40:07,17.46,22.79
2024-10-15 12:40:08,17.48,22.88
2024-10-15 12:40:09,17.5,23.01
2024-10-15 12:40:10,17.48,23.1
2024-10-15 12:40:11,17.48,23.19
2024-10-15 12:40:12,17.48,23.07
2024-10-15 12:40:13,17.5,22.94
2024-10-15 12:40:14,17.46,22.82
2024-10-15 12:40:15,17.49,22.74
2024-10-15 12:40:16,17.48,22.68
2024-10-15 12:40:17,17.49,22.59
2024-10-15 12:40:18,17.49,22.43
2024-10-15 12:40:19,17.5,22.35
2024-10-15 12:40:20,17.48,22.29
2024-10-15 12:40:21,17.49,22.26
2024-10-15 12:40:22,17.5,22.23
2024-10-15 12:40:23,17.49,22.2
2024-10-15 12:40:24,17.49,22.29
2024-10-15 12:40:25,17.49,22.5
2024-10-15 12:40:26,17.5,22.59
2024-10-15 12:40:27,17.49,22.68
2024-10-15 12:40:28,17.49,22.59
2024-10-15 12:40:29,17.48,22.4
2024-10-15 12:40:30,17.49,22.23
2024-10-15 12:40:31,17.49,22.17
2024-10-15 12:40:32,17.48,22.05
2024-10-15 12:40:33,17.46,21.93
2024-10-15 12:40:34,17.48,21.87
2024-10-15 12:40:35,17.46,21.84
2024-10-15 12:40:36,17.47,21.81
2024-10-15 12:40:37,17.48,21.78
2024-10-15 12:40:38,17.48,21.81
2024-10-15 12:40:39,17.47,21.9
2024-10-15 12:40:40,17.49,22.11
2024-10-15 12:40:41,17.48,22.26
2024-10-15 12:40:42,17.49,22.29
2024-10-15 12:40:43,17.5,22.23
2024-10-15 12:40:44,17.49,22.05
2024-10-15 12:40:45,17.48,21.9
2024-10-15 12:40:46,17.5,21.75
2024-10-15 12:40:47,17.51,21.66
2024-10-15 12:40:48,17.49,21.66
2024-10-15 12:40:49,17.51,21.66
2024-10-15 12:40:50,17.52,21.63
2024-10-15 12:40:51,17.51,21.66
2024-10-15 12:40:52,17.5,21.57
2024-10-15 12:40:53,17.52,21.3
2024-10-15 12:40:54,17.48,21.04
2024-10-15 12:40:55,17.5,20.79
2024-10-15 12:40:56,17.5,20.59
2024-10-15 12:40:57,17.5,20.53
2024-10-15 12:40:58,17.5,20.41
2024-10-15 12:40:59,17.52,20.28
2024-10-15 12:41:00,17.5,20.17
2024-10-15 12:41:01,17.52,20.17
2024-10-15 12:41:02,17.5,20.25
2024-10-15 12:41:03,17.51,20.22
2024-10-15 12:41:04,17.52,20.17
2024-10-15 12:41:05,17.51,20.17
2024-10-15 12:41:06,17.51,20.22
2024-10-15 12:41:07,17.51,20.08
2024-10-15 12:41:08,17.49,20.05
2024-10-15 12:41:09,17.5,20.02
2024-10-15 12:41:10,17.5,20.14
2024-10-15 12:41:11,17.51,20.11
2024-10-15 12:41:12,17.52,20.08
2024-10-15 12:41:13,17.48,20.23
2024-10-15 12:41:14,17.51,20.37
2024-10-15 12:41:15,17.49,20.44
2024-10-15 12:41:16,17.48,20.41
2024-10-15 12:41:17,17.51,20.31
2024-10-15 12:41:18,17.49,20.17
2024-10-15 12:41:19,17.5,20.02
2024-10-15 12:41:20,17.5,19.83
2024-10-15 12:41:21,17.49,19.72
2024-10-15 12:41:22,17.48,19.72
2024-10-15 12:41:23,17.51,19.69
2024-10-15 12:41:24,17.53,19.69
2024-10-15 12:41:25,17.5,19.8
2024-10-15 12:41:26,17.51,19.8
2024-10-15 12:41:27,17.5,19.86
2024-10-15 12:41:28,17.51,19.86
2024-10-15 12:41:29,17.5,19.81
2024-10-15 12:41:30,17.51,19.78
2024-10-15 12:41:31,17.5,19.63
2024-10-15 12:41:32,17.52,19.42
2024-10-15 12:41:33,17.49,19.3
2024-10-15 12:41:34,17.51,19.24
2024-10-15 12:41:35,17.52,19.24
2024-10-15 12:41:36,17.53,19.15
2024-10-15 12:41:37,17.55,19.12
2024-10-15 12:41:38,17.55,19.24
2024-10-15 12:41:39,17.54,19.42
2024-10-15 12:41:40,17.54,19.48
2024-10-15 12:41:41,17.54,19.57
2024-10-15 12:41:42,17.54,19.45
2024-10-15 12:41:43,17.53,19.42
2024-10-15 12:41:44,17.54,19.33
2024-10-15 12:41:45,17.56,19.15
2024-10-15 12:41:46,17.55,18.97
2024-10-15 12:41:47,17.57,18.92
2024-10-15 12:41:48,17.56,18.92
2024-10-15 12:41:49,17.56,19.03
2024-10-15 12:41:50,17.56,18.94
2024-10-15 12:41:51,17.54,18.89
2024-10-15 12:41:52,17.54,18.92
2024-10-15 12:41:53,17.53,19.03
2024-10-15 12:41:54,17.55,19.06
2024-10-15 12:41:55,17.56,19.03
2024-10-15 12:41:56,17.55,19.0
2024-10-15 12:41:57,17.54,18.95
2024-10-15 12:41:58,17.55,18.73
2024-10-15 12:41:59,17.57,18.73
2024-10-15 12:42:00,17.56,18.7
2024-10-15 12:42:01,17.58,18.76
2024-10-15 12:42:02,17.58,18.82
2024-10-15 12:42:03,17.58,18.95
2024-10-15 12:42:04,17.63,19.09
2024-10-15 12:42:05,17.62,19.21
2024-10-15 12:42:06,17.59,19.24
2024-10-15 12:42:07,17.57,19.27
2024-10-15 12:42:08,17.58,19.33
2024-10-15 12:42:09,17.59,19.12
2024-10-15 12:42:10,17.58,18.89
2024-10-15 12:42:11,17.57,18.7
2024-10-15 12:42:12,17.57,18.55
2024-10-15 12:42:13,17.53,18.53
2024-10-15 12:42:14,17.55,18.5
2024-10-15 12:42:15,17.57,18.5
2024-10-15 12:42:16,17.55,18.38
2024-10-15 12:42:17,17.54,18.31
2024-10-15 12:42:18,17.53,18.28
2024-10-15 12:42:19,17.53,18.19
2024-10-15 12:42:20,17.53,18.19
2024-10-15 12:42:21,17.53,18.16
2024-10-15 12:42:22,17.52,18.1
2024-10-15 12:42:23,17.53,17.99
2024-10-15 12:42:24,17.53,17.8
2024-10-15 12:42:25,17.53,17.68
2024-10-15 12:42:26,17.53,17.71
2024-10-15 12:42:27,17.54,17.74
2024-10-15 12:42:28,17.53,17.71
2024-10-15 12:42:29,17.55,17.66
2024-10-15 12:42:30,17.53,17.71
2024-10-15 12:42:31,17.55,17.84
2024-10-15 12:42:32,17.55,17.87
2024-10-15 12:42:33,17.54,17.74
2024-10-15 12:42:34,17.53,17.65
2024-10-15 12:42:35,17.52,17.65
2024-10-15 12:42:36,17.53,17.54
2024-10-15 12:42:37,17.55,17.51
2024-10-15 12:42:38,17.53,17.39
2024-10-15 12:42:39,17.55,17.26
2024-10-15 12:42:40,17.57,17.23
2024-10-15 12:42:41,17.57,17.33
2024-10-15 12:42:42,17.57,17.48
2024-10-15 12:42:43,17.56,17.54
2024-10-15 12:42:44,17.57,17.6
2024-10-15 12:42:45,17.58,17.77
2024-10-15 12:42:46,17.57,17.77
2024-10-15 12:42:47,17.56,17.84
2024-10-15 12:42:48,17.57,17.84
2024-10-15 12:42:49,17.56,17.8
2024-10-15 12:42:50,17.55,17.87
2024-10-15 12:42:51,17.55,17.8
2024-10-15 12:42:52,17.56,18.02
2024-10-15 12:42:53,17.56,18.11
2024-10-15 12:42:54,17.56,18.1
2024-10-15 12:42:55,17.58,18.19
2024-10-15 12:42:56,17.58,18.19
2024-10-15 12:42:57,17.58,18.16
2024-10-15 12:42:58,17.58,18.16
2024-10-15 12:42:59,17.6,18.19
2024-10-15 12:43:00,17.6,18.28
2024-10-15 12:43:01,17.6,18.31
2024-10-15 12:43:02,17.57,18.16
2024-10-15 12:43:03,17.59,17.96
2024-10-15 12:43:04,17.6,17.84
2024-10-15 12:43:05,17.61,17.8
2024-10-15 12:43:06,17.62,17.6
2024-10-15 12:43:07,17.6,17.54
2024-10-15 12:43:08,17.61,17.6
2024-10-15 12:43:09,17.61,17.57
2024-10-15 12:43:10,17.6,17.6
2024-10-15 12:43:11,17.6,17.54
2024-10-15 12:43:12,17.6,17.29
2024-10-15 12:43:13,17.58,17.15
2024-10-15 12:43:14,17.59,17.09
2024-10-15 12:43:15,17.6,16.94
2024-10-15 12:43:16,17.6,16.78
2024-10-15 12:43:17,17.59,16.82
2024-10-15 12:43:18,17.62,16.82
2024-10-15 12:43:19,17.61,16.85
2024-10-15 12:43:20,17.61,16.88
2024-10-15 12:43:21,17.62,16.88
2024-10-15 12:43:22,17.64,16.78
2024-10-15 12:43:23,17.63,16.7
2024-10-15 12:43:24,17.61,16.73
2024-10-15 12:43:25,17.63,16.61
2024-10-15 12:43:26,17.61,16.52
2024-10-15 12:43:27,17.64,16.52
2024-10-15 12:43:28,17.62,16.49
2024-10-15 12:43:29,17.61,16.35
2024-10-15 12:43:30,17.62,16.16
2024-10-15 12:43:31,17.63,16.22
2024-10-15 12:43:32,17.64,16.25
2024-10-15 12:43:33,17.64,16.4
2024-10-15 12:43:34,17.64,16.58
2024-10-15 12:43:35,17.63,16.76
2024-10-15 12:43:36,17.63,16.76
2024-10-15 12:43:37,17.64,16.67
2024-10-15 12:43:38,17.62,16.58
2024-10-15 12:43:39,17.62,16.4
2024-10-15 12:43:40,17.61,16.43
2024-10-15 12:43:41,17.58,16.4
2024-10-15 12:43:42,17.58,16.35
2024-10-15 12:43:43,17.58,16.49
2024-10-15 12:43:44,17.57,16.67
2024-10-15 12:43:45,17.57,16.7
2024-10-15 12:43:46,17.57,16.76
2024-10-15 12:43:47,17.57,16.73
2024-10-15 12:43:48,17.57,16.7
2024-10-15 12:43:49,17.57,16.64
2024-10-15 12:43:50,17.56,16.64
2024-10-15 12:43:51,17.54,16.55
2024-10-15 12:43:52,17.53,16.4
2024-10-15 12:43:53,17.53,16.19
2024-10-15 12:43:54,17.52,16.04
2024-10-15 12:43:55,17.5,15.89
2024-10-15 12:43:56,17.51,15.81
2024-10-15 12:43:57,17.51,15.71
2024-10-15 12:43:58,17.49,15.81
2024-10-15 12:43:59,17.49,15.78
2024-10-15 12:44:00,17.49,15.65
2024-10-15 12:44:01,17.49,15.53
2024-10-15 12:44:02,17.5,15.42
2024-10-15 12:44:03,17.48,15.33
2024-10-15 12:44:04,17.5,15.11
2024-10-15 12:44:05,17.51,15.02
2024-10-15 12:44:06,17.49,15.02
2024-10-15 12:44:07,17.54,15.08
2024-10-15 12:44:08,17.54,15.08
2024-10-15 12:44:09,17.57,15.23
2024-10-15 12:44:10,17.57,15.36
2024-10-15 12:44:11,17.57,15.3
2024-10-15 12:44:12,17.57,15.17
2024-10-15 12:44:13,17.58,15.08
2024-10-15 12:44:14,17.56,15.11
2024-10-15 12:44:15,17.56,15.08
2024-10-15 12:44:16,17.57,15.0
2024-10-15 12:44:17,17.56,14.88
2024-10-15 12:44:18,17.58,14.79
2024-10-15 12:44:19,17.58,14.82
2024-10-15 12:44:20,17.58,14.91
2024-10-15 12:44:21,17.58,15.02
2024-10-15 12:44:22,17.58,15.02
2024-10-15 12:44:23,17.57,15.0
2024-10-15 12:44:24,17.56,14.91
2024-10-15 12:44:25,17.53,14.76
2024-10-15 12:44:26,17.53,14.6
2024-10-15 12:44:27,17.5,14.46
2024-10-15 12:44:28,17.51,14.4
2024-10-15 12:44:29,17.51,14.31
2024-10-15 12:44:30,17.51,14.18
2024-10-15 12:44:31,17.49,14.04
2024-10-15 12:44:32,17.5,13.95
2024-10-15 12:44:33,17.5,14.01
2024-10-15 12:44:34,17.5,13.98
2024-10-15 12:44:35,17.49,13.86
2024-10-15 12:44:36,17.53,13.64
2024-10-15 12:44:37,17.53,13.5
2024-10-15 12:44:38,17.53,13.41
2024-10-15 12:44:39,17.51,13.41
2024-10-15 12:44:40,17.53,13.5
2024-10-15 12:44:41,17.54,13.41
2024-10-15 12:44:42,17.53,13.32
2024-10-15 12:44:43,17.52,13.32
2024-10-15 12:44:44,17.53,13.35
2024-10-15 12:44:45,17.56,13.29
2024-10-15 12:44:46,17.55,13.08
2024-10-15 12:44:47,17.57,12.9
2024-10-15 12:44:48,17.57,12.78
2024-10-15 12:44:49,17.57,12.78
2024-10-15 12:44:50,17.58,12.81
2024-10-15 12:44:51,17.58,12.6
2024-10-15 12:44:52,17.6,12.45
2024-10-15 12:44:53,17.59,12.31
2024-10-15 12:44:54,17.6,12.22
2024-10-15 12:44:55,17.6,12.22
2024-10-15 12:44:56,17.6,12.25
2024-10-15 12:44:57,17.61,12.36
2024-10-15 12:44:58,17.61,12.39
2024-10-15 12:44:59,17.6,12.34
2024-10-15 12:45:00,17.62,12.22
2024-10-15 12:45:01,17.6,12.12
2024-10-15 12:45:02,17.6,11.94
2024-10-15 12:45:03,17.61,11.8
2024-10-15 12:45:04,17.61,11.71
2024-10-15 12:45:05,17.59,11.8
2024-10-15 12:45:06,17.63,11.88
2024-10-15 12:45:07,17.62,11.86
2024-10-15 12:45:08,17.61,11.91
2024-10-15 12:45:09,17.62,12.06
2024-10-15 12:45:10,17.62,12.09
2024-10-15 12:45:11,17.62,12.09
2024-10-15 12:45:12,17.62,12.06
2024-10-15 12:45:13,17.63,12.0
2024-10-15 12:45:14,17.61,11.89
2024-10-15 12:45:15,17.64,11.8
2024-10-15 12:45:16,17.6,11.68
2024-10-15 12:45:17,17.64,11.58
2024-10-15 12:45:18,17.6,11.49
2024-10-15 12:45:19,17.61,11.46
2024-10-15 12:45:20,17.62,11.41
2024-10-15 12:45:21,17.62,11.38
2024-10-15 12:45:22,17.63,11.46
2024-10-15 12:45:23,17.65,11.52
2024-10-15 12:45:24,17.64,11.41
2024-10-15 12:45:25,17.63,11.46
2024-10-15 12:45:26,17.63,11.35
2024-10-15 12:45:27,17.63,11.2
2024-10-15 12:45:28,17.64,11.14
2024-10-15 12:45:29,17.64,11.14
2024-10-15 12:45:30,17.64,11.11
2024-10-15 12:45:31,17.63,11.2
2024-10-15 12:45:32,17.63,11.17
2024-10-15 12:45:33,17.64,11.11
2024-10-15 12:45:34,17.66,11.11
2024-10-15 12:45:35,17.65,11.14
2024-10-15 12:45:36,17.65,11.14
2024-10-15 12:45:37,17.64,11.02
2024-10-15 12:45:38,17.67,10.9
2024-10-15 12:45:39,17.66,11.02
2024-10-15 12:45:40,17.66,10.96
2024-10-15 12:45:41,17.67,11.11
2024-10-15 12:45:42,17.67,11.29
2024-10-15 12:45:43,17.65,11.41
2024-10-15 12:45:44,17.67,11.52
2024-10-15 12:45:45,17.65,11.68
2024-10-15 12:45:46,17.64,11.52
2024-10-15 12:45:47,17.64,11.41
2024-10-15 12:45:48,17.64,11.41
2024-10-15 12:45:49,17.63,11.23
2024-10-15 12:45:50,17.65,11.2
2024-10-15 12:45:51,17.64,11.32
2024-10-15 12:45:52,17.64,11.32
2024-10-15 12:45:53,17.64,11.29
2024-10-15 12:45:54,17.63,11.49
2024-10-15 12:45:55,17.66,11.29
2024-10-15 12:45:56,17.64,11.17
2024-10-15 12:45:57,17.64,11.2
2024-10-15 12:45:58,17.63,11.26
2024-10-15 12:45:59,17.63,11.29
2024-10-15 12:46:00,17.64,11.14
2024-10-15 12:46:01,17.64,11.04
2024-10-15 12:46:02,17.65,11.17
2024-10-15 12:46:03,17.67,11.14
2024-10-15 12:46:04,17.64,11.04
2024-10-15 12:46:05,17.67,10.9
2024-10-15 12:46:06,17.67,10.84
2024-10-15 12:46:07,17.67,10.87
2024-10-15 12:46:08,17.67,10.87
2024-10-15 12:46:09,17.67,10.75
2024-10-15 12:46:10,17.7,10.75
2024-10-15 12:46:11,17.68,10.78
2024-10-15 12:46:12,17.67,10.78
2024-10-15 12:46:13,17.67,10.87
2024-10-15 12:46:14,17.67,10.9
2024-10-15 12:46:15,17.66,10.78
2024-10-15 12:46:16,17.67,10.69
2024-10-15 12:46:17,17.68,10.69
2024-10-15 12:46:18,17.67,10.57
2024-10-15 12:46:19,17.68,10.39
2024-10-15 12:46:20,17.68,10.24
2024-10-15 12:46:21,17.66,10.21
2024-10-15 12:46:22,17.68,10.3
2024-10-15 12:46:23,17.64,10.24
2024-10-15 12:46:24,17.65,10.24
2024-10-15 12:46:25,17.64,10.36
2024-10-15 12:46:26,17.64,10.39
2024-10-15 12:46:27,17.64,10.39
2024-10-15 12:46:28,17.64,10.45
2024-10-15 12:46:29,17.64,10.36
2024-10-15 12:46:30,17.64,10.24
2024-10-15 12:46:31,17.64,10.21
2024-10-15 12:46:32,17.63,10.21
2024-10-15 12:46:33,17.64,10.15
2024-10-15 12:46:34,17.64,10.03
2024-10-15 12:46:35,17.64,10.1
2024-10-15 12:46:36,17.65,10.18
2024-10-15 12:46:37,17.68,10.18
2024-10-15 12:46:38,17.68,10.24
2024-10-15 12:46:39,17.7,10.27
2024-10-15 12:46:40,17.67,10.15
2024-10-15 12:46:41,17.67,10.06
2024-10-15 12:46:42,17.69,10.03
2024-10-15 12:46:43,17.67,10.1
2024-10-15 12:46:44,17.68,9.97
2024-10-15 12:46:45,17.68,9.97
2024-10-15 12:46:46,17.69,10.03
2024-10-15 12:46:47,17.71,10.03
2024-10-15 12:46:48,17.73,10.13
2024-10-15 12:46:49,17.72,10.18
2024-10-15 12:46:50,17.73,10.3
2024-10-15 12:46:51,17.73,10.48
2024-10-15 12:46:52,17.72,10.48
2024-10-15 12:46:53,17.74,10.3
2024-10-15 12:46:54,17.7,10.27
2024-10-15 12:46:55,17.7,10.33
2024-10-15 12:46:56,17.72,10.27
2024-10-15 12:46:57,17.71,10.21
2024-10-15 12:46:58,17.71,10.39
2024-10-15 12:46:59,17.73,10.48
2024-10-15 12:47:00,17.71,10.54
2024-10-15 12:47:01,17.7,10.69
2024-10-15 12:47:02,17.69,10.78
2024-10-15 12:47:03,17.72,10.87
2024-10-15 12:47:04,17.71,10.87
2024-10-15 12:47:05,17.71,10.81
2024-10-15 12:47:06,17.71,10.84
2024-10-15 12:47:07,17.69,10.93
2024-10-15 12:47:08,17.7,10.96
2024-10-15 12:47:09,17.71,10.96
2024-10-15 12:47:10,17.7,11.08
2024-10-15 12:47:11,17.68,11.2
2024-10-15 12:47:12,17.69,11.17
2024-10-15 12:47:13,17.69,11.17
2024-10-15 12:47:14,17.68,11.29
2024-10-15 12:47:15,17.68,11.17
2024-10-15 12:47:16,17.68,11.02
2024-10-15 12:47:17,17.69,10.96
2024-10-15 12:47:18,17.68,10.87
2024-10-15 12:47:19,17.69,10.75
2024-10-15 12:47:20,17.7,10.72
2024-10-15 12:47:21,17.7,10.84
2024-10-15 12:47:22,17.74,10.69
2024-10-15 12:47:23,17.75,10.66
2024-10-15 12:47:24,17.75,10.66
2024-10-15 12:47:25,17.75,10.51
2024-10-15 12:47:26,17.78,10.36
2024-10-15 12:47:27,17.77,10.3
2024-10-15 12:47:28,17.78,10.3
2024-10-15 12:47:29,17.78,10.19
2024-10-15 12:47:30,17.78,10.1
2024-10-15 12:47:31,17.78,10.13
2024-10-15 12:47:32,17.78,10.0
2024-10-15 12:47:33,17.81,9.94
2024-10-15 12:47:34,17.8,9.97
2024-10-15 12:47:35,17.82,9.91
2024-10-15 12:47:36,17.81,9.76
2024-10-15 12:47:37,17.8,9.68
2024-10-15 12:47:38,17.82,9.68
2024-10-15 12:47:39,17.82,9.49
2024-10-15 12:47:40,17.82,9.29
2024-10-15 12:47:41,17.83,9.23
2024-10-15 12:47:42,17.85,9.14
2024-10-15 12:47:43,17.83,8.95
2024-10-15 12:47:44,17.85,8.89
2024-10-15 12:47:45,17.83,8.89
2024-10-15 12:47:46,17.83,8.89
2024-10-15 12:47:47,17.85,8.95
2024-10-15 12:47:48,17.83,8.92
2024-10-15 12:47:49,17.85,8.89
2024-10-15 12:47:50,17.85,8.81
2024-10-15 12:47:51,17.85,8.63
2024-10-15 12:47:52,17.83,8.54
2024-10-15 12:47:53,17.86,8.47
2024-10-15 12:47:54,17.85,8.5
2024-10-15 12:47:55,17.85,8.5
2024-10-15 12:47:56,17.83,8.44
2024-10-15 12:47:57,17.85,8.57
2024-10-15 12:47:58,17.85,8.57
2024-10-15 12:47:59,17.86,8.6
2024-10-15 12:48:00,17.85,8.66
2024-10-15 12:48:01,17.85,8.6
2024-10-15 12:48:02,17.85,8.57
2024-10-15 12:48:03,17.85,8.42
2024-10-15 12:48:04,17.85,8.18
2024-10-15 12:48:05,17.85,8.03
2024-10-15 12:48:06,17.85,7.91
2024-10-15 12:48:07,17.85,7.94
2024-10-15 12:48:08,17.83,7.94
2024-10-15 12:48:09,17.86,7.88
2024-10-15 12:48:10,17.86,7.88
2024-10-15 12:48:11,17.89,7.97
2024-10-15 12:48:12,17.9,7.99
2024-10-15 12:48:13,17.9,7.97
2024-10-15 12:48:14,17.89,7.88
2024-10-15 12:48:15,17.92,7.79
2024-10-15 12:48:16,17.91,7.64
2024-10-15 12:48:17,17.9,7.43
2024-10-15 12:48:18,17.91,7.31
2024-10-15 12:48:19,17.92,7.28
2024-10-15 12:48:20,17.91,7.19
2024-10-15 12:48:21,17.92,7.1
2024-10-15 12:48:22,17.91,7.13
2024-10-15 12:48:23,17.92,7.16
2024-10-15 12:48:24,17.92,7.16
2024-10-15 12:48:25,17.92,7.19
2024-10-15 12:48:26,17.93,7.22
2024-10-15 12:48:27,17.92,7.22
2024-10-15 12:48:28,17.92,7.19
2024-10-15 12:48:29,17.92,7.13
2024-10-15 12:48:30,17.93,7.05
2024-10-15 12:48:31,17.93,6.99
2024-10-15 12:48:32,17.94,6.86
2024-10-15 12:48:33,17.95,6.86
2024-10-15 12:48:34,17.94,6.74
2024-10-15 12:48:35,17.96,6.66
2024-10-15 12:48:36,17.95,6.63
2024-10-15 12:48:37,17.98,6.65
2024-10-15 12:48:38,17.95,6.71
2024-10-15 12:48:39,17.97,6.77
2024-10-15 12:48:40,17.96,6.83
2024-10-15 12:48:41,17.97,6.8
2024-10-15 12:48:42,17.97,6.74
2024-10-15 12:48:43,17.95,6.66
2024-10-15 12:48:44,17.99,6.54
2024-10-15 12:48:45,17.99,6.38
2024-10-15 12:48:46,17.98,6.21
2024-10-15 12:48:47,17.98,6.18
2024-10-15 12:48:48,17.99,6.12
2024-10-15 12:48:49,17.98,6.06
2024-10-15 12:48:50,17.98,6.06
2024-10-15 12:48:51,17.99,6.03
2024-10-15 12:48:52,18.0,6.09
2024-10-15 12:48:53,18.0,6.18
2024-10-15 12:48:54,18.01,6.21
2024-10-15 12:48:55,18.02,6.18
2024-10-15 12:48:56,18.03,6.18
2024-10-15 12:48:57,18.02,6.09
2024-10-15 12:48:58,18.01,6.0
2024-10-15 12:48:59,18.0,5.93
2024-10-15 12:49:00,18.0,5.84
2024-10-15 12:49:01,18.0,5.9
2024-10-15 12:49:02,17.99,5.93
2024-10-15 12:49:03,17.99,6.03
2024-10-15 12:49:04,17.96,6.12
2024-10-15 12:49:05,17.99,6.15
2024-10-15 12:49:06,18.0,6.15
2024-10-15 12:49:07,17.99,6.09
2024-10-15 12:49:08,18.03,6.03
2024-10-15 12:49:09,18.03,6.03
2024-10-15 12:49:10,18.0,6.06
2024-10-15 12:49:11,18.01,6.12
2024-10-15 12:49:12,18.01,6.21
2024-10-15 12:49:13,18.01,6.29
2024-10-15 12:49:14,18.03,6.41
2024-10-15 12:49:15,18.01,6.32
2024-10-15 12:49:16,18.01,6.29
2024-10-15 12:49:17,18.0,6.18
2024-10-15 12:49:18,18.01,6.06
2024-10-15 12:49:19,18.03,5.97
2024-10-15 12:49:20,18.03,5.81
2024-10-15 12:49:21,18.02,5.61
2024-10-15 12:49:22,18.03,5.49
2024-10-15 12:49:23,18.01,5.36
2024-10-15 12:49:24,18.01,5.33
2024-10-15 12:49:25,18.03,5.28
2024-10-15 12:49:26,18.01,5.16
2024-10-15 12:49:27,18.01,5.07
2024-10-15 12:49:28,18.02,5.07
2024-10-15 12:49:29,18.02,5.13
2024-10-15 12:49:30,18.03,5.22
2024-10-15 12:49:31,18.04,5.25
2024-10-15 12:49:32,18.05,5.19
2024-10-15 12:49:33,18.05,5.16
2024-10-15 12:49:34,18.03,5.04
2024-10-15 12:49:35,18.01,4.92
2024-10-15 12:49:36,18.0,4.86
2024-10-15 12:49:37,18.02,4.88
2024-10-15 12:49:38,18.0,4.83
2024-10-15 12:49:39,18.02,4.92
2024-10-15 12:49:40,18.03,5.01
2024-10-15 12:49:41,18.03,5.07
2024-10-15 12:49:42,18.04,5.13
2024-10-15 12:49:43,18.03,5.19
2024-10-15 12:49:44,18.05,5.19
2024-10-15 12:49:45,18.07,5.13
2024-10-15 12:49:46,18.06,5.04
2024-10-15 12:49:47,18.07,5.01
2024-10-15 12:49:48,18.07,4.92
2024-10-15 12:49:49,18.07,4.95
2024-10-15 12:49:50,18.05,4.92
2024-10-15 12:49:51,18.04,4.92
2024-10-15 12:49:52,18.05,4.95
2024-10-15 12:49:53,18.07,5.01
2024-10-15 12:49:54,18.07,5.04
2024-10-15 12:49:55,18.07,5.01
2024-10-15 12:49:56,18.07,5.01
2024-10-15 12:49:57,18.07,4.88
2024-10-15 12:49:58,18.03,4.92
2024-10-15 12:49:59,18.04,4.88
2024-10-15 12:50:00,18.06,4.86
2024-10-15 12:50:01,18.07,4.83
2024-10-15 12:50:02,18.07,4.86
2024-10-15 12:50:03,18.07,4.86
2024-10-15 12:50:04,18.09,4.95
2024-10-15 12:50:05,18.1,5.04
2024-10-15 12:50:06,18.09,5.13
2024-10-15 12:50:07,18.1,5.19
2024-10-15 12:50:08,18.09,5.16
2024-10-15 12:50:09,18.1,5.04
2024-10-15 12:50:10,18.1,4.98
2024-10-15 12:50:11,18.09,4.92
2024-10-15 12:50:12,18.09,4.88
2024-10-15 12:50:13,18.1,4.92
2024-10-15 12:50:14,18.09,4.98
2024-10-15 12:50:15,18.09,5.04
2024-10-15 12:50:16,18.1,5.07
2024-10-15 12:50:17,18.1,5.07
2024-10-15 12:50:18,18.1,5.16
2024-10-15 12:50:19,18.09,5.16
2024-10-15 12:50:20,18.1,5.19
2024-10-15 12:50:21,18.07,5.07
2024-10-15 12:50:22,18.05,4.92
2024-10-15 12:50:23,18.09,4.83
2024-10-15 12:50:24,18.04,4.83
2024-10-15 12:50:25,18.05,4.95
2024-10-15 12:50:26,18.05,4.95
2024-10-15 12:50:27,18.06,5.01
2024-10-15 12:50:28,18.06,5.07
2024-10-15 12:50:29,18.06,5.19
2024-10-15 12:50:30,18.06,5.22
2024-10-15 12:50:31,18.06,5.31
2024-10-15 12:50:32,18.04,5.34
2024-10-15 12:50:33,18.04,5.28
2024-10-15 12:50:34,18.04,5.16
2024-10-15 12:50:35,18.06,5.1
2024-10-15 12:50:36,18.07,5.04
2024-10-15 12:50:37,18.07,4.98
2024-10-15 12:50:38,18.07,4.95
2024-10-15 12:50:39,18.1,4.95
2024-10-15 12:50:40,18.11,4.92
2024-10-15 12:50:41,18.1,4.92
2024-10-15 12:50:42,18.1,4.88
2024-10-15 12:50:43,18.11,4.95
2024-10-15 12:50:44,18.12,5.01
2024-10-15 12:50:45,18.14,5.04
2024-10-15 12:50:46,18.11,5.13
2024-10-15 12:50:47,18.12,5.13
2024-10-15 12:50:48,18.11,5.07
2024-10-15 12:50:49,18.12,5.04
2024-10-15 12:50:50,18.12,5.01
2024-10-15 12:50:51,18.1,5.01
2024-10-15 12:50:52,18.1,4.98
2024-10-15 12:50:53,18.12,4.95
2024-10-15 12:50:54,18.1,4.88
2024-10-15 12:50:55,18.1,4.92
2024-10-15 12:50:56,18.1,4.95
2024-10-15 12:50:57,18.1,4.95
2024-10-15 12:50:58,18.09,4.98
2024-10-15 12:50:59,18.1,4.98
2024-10-15 12:51:00,18.1,4.98
2024-10-15 12:51:01,18.1,4.98
2024-10-15 12:51:02,18.1,4.92
2024-10-15 12:51:03,18.14,4.86
2024-10-15 12:51:04,18.13,4.83
2024-10-15 12:51:05,18.15,4.8
2024-10-15 12:51:06,18.14,4.8
2024-10-15 12:51:07,18.16,4.8
2024-10-15 12:51:08,18.14,4.83
2024-10-15 12:51:09,18.14,4.86
2024-10-15 12:51:10,18.14,4.92
2024-10-15 12:51:11,18.13,4.89
2024-10-15 12:51:12,18.14,4.92
2024-10-15 12:51:13,18.15,4.95
2024-10-15 12:51:14,18.16,5.04
2024-10-15 12:51:15,18.14,5.13
2024-10-15 12:51:16,18.13,5.19
2024-10-15 12:51:17,18.11,5.19
2024-10-15 12:51:18,18.1,5.19
2024-10-15 12:51:19,18.1,5.22
2024-10-15 12:51:20,18.07,5.31
2024-10-15 12:51:21,18.09,5.34
2024-10-15 12:51:22,18.09,5.36
2024-10-15 12:51:23,18.09,5.49
2024-10-15 12:51:24,18.06,5.61
2024-10-15 12:51:25,18.04,5.67
2024-10-15 12:51:26,18.06,5.73
2024-10-15 12:51:27,18.04,5.67
2024-10-15 12:51:28,18.03,5.73
2024-10-15 12:51:29,18.03,5.81
2024-10-15 12:51:30,18.03,5.81
2024-10-15 12:51:31,18.0,5.84
2024-10-15 12:51:32,18.0,5.79
2024-10-15 12:51:33,17.98,5.7
2024-10-15 12:51:34,18.0,5.67
2024-10-15 12:51:35,17.99,5.61
2024-10-15 12:51:36,17.99,5.61
2024-10-15 12:51:37,17.99,5.58
2024-10-15 12:51:38,18.0,5.55
2024-10-15 12:51:39,18.01,5.58
2024-10-15 12:51:40,18.0,5.55
2024-10-15 12:51:41,18.0,5.58
2024-10-15 12:51:42,17.99,5.64
2024-10-15 12:51:43,18.0,5.67
2024-10-15 12:51:44,17.99,5.7
2024-10-15 12:51:45,17.98,5.73
2024-10-15 12:51:46,18.0,5.76
2024-10-15 12:51:47,17.99,5.7
2024-10-15 12:51:48,18.0,5.7
2024-10-15 12:51:49,18.01,5.67
2024-10-15 12:51:50,18.02,5.64
2024-10-15 12:51:51,18.01,5.61
2024-10-15 12:51:52,18.01,5.49
2024-10-15 12:51:53,18.02,5.46
2024-10-15 12:51:54,18.02,5.46
2024-10-15 12:51:55,18.03,5.52
2024-10-15 12:51:56,18.03,5.58
2024-10-15 12:51:57,18.06,5.58
2024-10-15 12:51:58,18.07,5.58
2024-10-15 12:51:59,18.07,5.58
2024-10-15 12:52:00,18.07,5.61
2024-10-15 12:52:01,18.07,5.7
2024-10-15 12:52:02,18.09,5.67
2024-10-15 12:52:03,18.07,5.58
2024-10-15 12:52:04,18.07,5.58
2024-10-15 12:52:05,18.09,5.61
2024-10-15 12:52:06,18.09,5.64
2024-10-15 12:52:07,18.07,5.7
2024-10-15 12:52:08,18.09,5.67
2024-10-15 12:52:09,18.1,5.64
2024-10-15 12:52:10,18.1,5.61
2024-10-15 12:52:11,18.1,5.61
2024-10-15 12:52:12,18.1,5.61
2024-10-15 12:52:13,18.11,5.55
2024-10-15 12:52:14,18.1,5.58
2024-10-15 12:52:15,18.11,5.61
2024-10-15 12:52:16,18.12,5.58
2024-10-15 12:52:17,18.07,5.52
2024-10-15 12:52:18,18.1,5.43
2024-10-15 12:52:19,18.1,5.39
2024-10-15 12:52:20,18.1,5.43
2024-10-15 12:52:21,18.11,5.43
2024-10-15 12:52:22,18.11,5.46
2024-10-15 12:52:23,18.14,5.43
2024-10-15 12:52:24,18.12,5.39
2024-10-15 12:52:25,18.12,5.43
2024-10-15 12:52:26,18.13,5.39
2024-10-15 12:52:27,18.1,5.43
2024-10-15 12:52:28,18.1,5.43
2024-10-15 12:52:29,18.1,5.43
2024-10-15 12:52:30,18.1,5.36
2024-10-15 12:52:31,18.09,5.36
2024-10-15 12:52:32,18.1,5.36
2024-10-15 12:52:33,18.1,5.36
2024-10-15 12:52:34,18.11,5.34
2024-10-15 12:52:35,18.1,5.31
2024-10-15 12:52:36,18.11,5.25
2024-10-15 12:52:37,18.1,5.25
2024-10-15 12:52:38,18.07,5.22
2024-10-15 12:52:39,18.1,5.31
2024-10-15 12:52:40,18.1,5.31
2024-10-15 12:52:41,18.09,5.31
2024-10-15 12:52:42,18.1,5.43
2024-10-15 12:52:43,18.1,5.49
2024-10-15 12:52:44,18.09,5.49
2024-10-15 12:52:45,18.1,5.49
2024-10-15 12:52:46,18.1,5.46
2024-10-15 12:52:47,18.09,5.43
2024-10-15 12:52:48,18.1,5.39
2024-10-15 12:52:49,18.11,5.39
2024-10-15 12:52:50,18.1,5.36
2024-10-15 12:52:51,18.1,5.34
2024-10-15 12:52:52,18.13,5.31
2024-10-15 12:52:53,18.1,5.31
2024-10-15 12:52:54,18.12,5.25
2024-10-15 12:52:55,18.11,5.28
2024-10-15 12:52:56,18.11,5.31
2024-10-15 12:52:57,18.13,5.34
2024-10-15 12:52:58,18.13,5.49
2024-10-15 12:52:59,18.15,5.46
2024-10-15 12:53:00,18.14,5.43
2024-10-15 12:53:01,18.13,5.43
2024-10-15 12:53:02,18.14,5.43
2024-10-15 12:53:03,18.14,5.39
2024-10-15 12:53:04,18.14,5.34
2024-10-15 12:53:05,18.14,5.37
2024-10-15 12:53:06,18.14,5.28
2024-10-15 12:53:07,18.16,5.28
2024-10-15 12:53:08,18.15,5.31
2024-10-15 12:53:09,18.14,5.31
2024-10-15 12:53:10,18.17,5.37
2024-10-15 12:53:11,18.16,5.37
2024-10-15 12:53:12,18.17,5.43
2024-10-15 12:53:13,18.16,5.49
2024-10-15 12:53:14,18.15,5.46
2024-10-15 12:53:15,18.15,5.43
2024-10-15 12:53:16,18.14,5.37
2024-10-15 12:53:17,18.14,5.36
2024-10-15 12:53:18,18.14,5.39
2024-10-15 12:53:19,18.13,5.39
2024-10-15 12:53:20,18.12,5.39
2024-10-15 12:53:21,18.11,5.31
2024-10-15 12:53:22,18.15,5.34
2024-10-15 12:53:23,18.1,5.43
2024-10-15 12:53:24,18.13,5.43
2024-10-15 12:53:25,18.12,5.49
2024-10-15 12:53:26,18.13,5.43
2024-10-15 12:53:27,18.14,5.39
2024-10-15 12:53:28,18.14,5.37
2024-10-15 12:53:29,18.13,5.37
2024-10-15 12:53:30,18.13,5.37
2024-10-15 12:53:31,18.12,5.34
2024-10-15 12:53:32,18.14,5.25
2024-10-15 12:53:33,18.12,5.22
2024-10-15 12:53:34,18.12,5.25
2024-10-15 12:53:35,18.13,5.28
2024-10-15 12:53:36,18.11,5.31
2024-10-15 12:53:37,18.11,5.39
2024-10-15 12:53:38,18.11,5.46
2024-10-15 12:53:39,18.1,5.49
2024-10-15 12:53:40,18.09,5.52
2024-10-15 12:53:41,18.1,5.49
2024-10-15 12:53:42,18.09,5.49
2024-10-15 12:53:43,18.06,5.43
2024-10-15 12:53:44,18.1,5.34
2024-10-15 12:53:45,18.1,5.28
2024-10-15 12:53:46,18.07,5.28
2024-10-15 12:53:47,18.07,5.22
2024-10-15 12:53:48,18.07,5.16
2024-10-15 12:53:49,18.1,5.1
2024-10-15 12:53:50,18.07,5.1
2024-10-15 12:53:51,18.07,5.13
2024-10-15 12:53:52,18.09,5.1
2024-10-15 12:53:53,18.07,5.07
2024-10-15 12:53:54,18.07,5.1
2024-10-15 12:53:55,18.07,5.1
2024-10-15 12:53:56,18.06,5.07
2024-10-15 12:53:57,18.09,5.07
2024-10-15 12:53:58,18.07,5.04
2024-10-15 12:53:59,18.07,5.01
2024-10-15 12:54:00,18.06,4.95
2024-10-15 12:54:01,18.07,4.92
2024-10-15 12:54:02,18.07,4.89
2024-10-15 12:54:03,18.1,4.89
2024-10-15 12:54:04,18.1,4.92
2024-10-15 12:54:05,18.09,4.95
2024-10-15 12:54:06,18.07,4.98
2024-10-15 12:54:07,18.09,5.01
2024-10-15 12:54:08,18.07,5.01
2024-10-15 12:54:09,18.1,4.98
2024-10-15 12:54:10,18.1,4.92
2024-10-15 12:54:11,18.09,4.86
2024-10-15 12:54:12,18.1,4.86
2024-10-15 12:54:13,18.07,4.86
2024-10-15 12:54:14,18.09,4.89
2024-10-15 12:54:15,18.09,4.95
2024-10-15 12:54:16,18.07,4.92
2024-10-15 12:54:17,18.07,4.98
2024-10-15 12:54:18,18.1,4.98
2024-10-15 12:54:19,18.07,4.95
2024-10-15 12:54:20,18.1,4.89
2024-10-15 12:54:21,18.1,4.86
2024-10-15 12:54:22,18.1,4.77
2024-10-15 12:54:23,18.07,4.77
2024-10-15 12:54:24,18.07,4.8
2024-10-15 12:54:25,18.09,4.89
2024-10-15 12:54:26,18.07,4.95
2024-10-15 12:54:27,18.09,4.92
2024-10-15 12:54:28,18.07,4.98
2024-10-15 12:54:29,18.1,4.98
2024-10-15 12:54:30,18.09,4.98
2024-10-15 12:54:31,18.09,4.92
2024-10-15 12:54:32,18.1,4.8
2024-10-15 12:54:33,18.1,4.77
2024-10-15 12:54:34,18.1,4.74
2024-10-15 12:54:35,18.11,4.65
2024-10-15 12:54:36,18.11,4.62
2024-10-15 12:54:37,18.1,4.65
2024-10-15 12:54:38,18.12,4.77
2024-10-15 12:54:39,18.1,4.83
2024-10-15 12:54:40,18.12,4.95
2024-10-15 12:54:41,18.1,5.04
2024-10-15 12:54:42,18.11,5.07
2024-10-15 12:54:43,18.11,5.01
2024-10-15 12:54:44,18.1,4.89
2024-10-15 12:54:45,18.1,4.83
2024-10-15 12:54:46,18.13,4.68
2024-10-15 12:54:47,18.1,4.65
2024-10-15 12:54:48,18.12,4.68
2024-10-15 12:54:49,18.12,4.71
2024-10-15 12:54:50,18.13,4.77
2024-10-15 12:54:51,18.12,4.83
2024-10-15 12:54:52,18.14,4.92
2024-10-15 12:54:53,18.14,5.04
2024-10-15 12:54:54,18.11,5.16
2024-10-15 12:54:55,18.12,5.1
2024-10-15 12:54:56,18.14,5.04
2024-10-15 12:54:57,18.11,4.92
2024-10-15 12:54:58,18.11,4.86
2024-10-15 12:54:59,18.1,4.77
2024-10-15 12:55:00,18.1,4.83
2024-10-15 12:55:01,18.1,4.89
2024-10-15 12:55:02,18.13,4.95
2024-10-15 12:55:03,18.1,5.01
2024-10-15 12:55:04,18.11,5.04
2024-10-15 12:55:05,18.11,5.1
2024-10-15 12:55:06,18.11,5.1
2024-10-15 12:55:07,18.11,5.07
2024-10-15 12:55:08,18.12,5.01
2024-10-15 12:55:09,18.11,4.89
2024-10-15 12:55:10,18.11,4.77
2024-10-15 12:55:11,18.1,4.71
2024-10-15 12:55:12,18.1,4.65
2024-10-15 12:55:13,18.1,4.62
2024-10-15 12:55:14,18.14,4.62
2024-10-15 12:55:15,18.13,4.65
2024-10-15 12:55:16,18.13,4.68
2024-10-15 12:55:17,18.14,4.77
2024-10-15 12:55:18,18.14,4.8
2024-10-15 12:55:19,18.14,4.86
2024-10-15 12:55:20,18.14,4.92
2024-10-15 12:55:21,18.14,4.98
2024-10-15 12:55:22,18.14,5.01
2024-10-15 12:55:23,18.14,5.04
2024-10-15 12:55:24,18.13,5.01
2024-10-15 12:55:25,18.11,4.86
2024-10-15 12:55:26,18.13,4.77
2024-10-15 12:55:27,18.1,4.74
2024-10-15 12:55:28,18.1,4.77
2024-10-15 12:55:29,18.12,4.8
2024-10-15 12:55:30,18.12,4.83
2024-10-15 12:55:31,18.12,4.83
2024-10-15 12:55:32,18.11,4.8
2024-10-15 12:55:33,18.12,4.89
2024-10-15 12:55:34,18.12,4.89
2024-10-15 12:55:35,18.13,4.95
2024-10-15 12:55:36,18.12,5.01
2024-10-15 12:55:37,18.1,4.98
2024-10-15 12:55:38,18.1,4.95
2024-10-15 12:55:39,18.11,4.89
2024-10-15 12:55:40,18.1,4.83
2024-10-15 12:55:41,18.11,4.77
2024-10-15 12:55:42,18.1,4.8
2024-10-15 12:55:43,18.11,4.83
2024-10-15 12:55:44,18.11,4.98
2024-10-15 12:55:45,18.12,4.92
2024-10-15 12:55:46,18.14,4.95
2024-10-15 12:55:47,18.13,5.01
2024-10-15 12:55:48,18.1,5.1
2024-10-15 12:55:49,18.1,5.13
2024-10-15 12:55:50,18.1,5.1
2024-10-15 12:55:51,18.11,5.04
2024-10-15 12:55:52,18.1,4.98
2024-10-15 12:55:53,18.1,4.89
2024-10-15 12:55:54,18.13,4.8
2024-10-15 12:55:55,18.1,4.74
2024-10-15 12:55:56,18.12,4.74
2024-10-15 12:55:57,18.13,4.8
2024-10-15 12:55:58,18.12,4.83
2024-10-15 12:55:59,18.11,4.92
2024-10-15 12:56:00,18.12,5.04
2024-10-15 12:56:01,18.11,5.13
2024-10-15 12:56:02,18.11,5.1
2024-10-15 12:56:03,18.11,4.98
2024-10-15 12:56:04,18.1,4.89
2024-10-15 12:56:05,18.1,4.8
2024-10-15 12:56:06,18.11,4.8
2024-10-15 12:56:07,18.1,4.83
2024-10-15 12:56:08,18.11,4.86
2024-10-15 12:56:09,18.12,4.86
2024-10-15 12:56:10,18.11,4.95
2024-10-15 12:56:11,18.12,4.98
2024-10-15 12:56:12,18.13,5.1
2024-10-15 12:56:13,18.11,5.13
2024-10-15 12:56:14,18.1,5.19
2024-10-15 12:56:15,18.11,5.1
2024-10-15 12:56:16,18.12,5.04
2024-10-15 12:56:17,18.1,5.04
2024-10-15 12:56:18,18.1,5.04
2024-10-15 12:56:19,18.11,4.98
2024-10-15 12:56:20,18.07,4.95
2024-10-15 12:56:21,18.09,4.89
2024-10-15 12:56:22,18.07,4.89
2024-10-15 12:56:23,18.07,4.89
2024-10-15 12:56:24,18.07,4.89
2024-10-15 12:56:25,18.1,4.92
2024-10-15 12:56:26,18.1,4.95
2024-10-15 12:56:27,18.09,4.98
2024-10-15 12:56:28,18.07,5.04
2024-10-15 12:56:29,18.09,5.07
2024-10-15 12:56:30,18.09,5.04
2024-10-15 12:56:31,18.1,4.95
2024-10-15 12:56:32,18.09,4.89
2024-10-15 12:56:33,18.1,4.8
2024-10-15 12:56:34,18.1,4.74
2024-10-15 12:56:35,18.1,4.71
2024-10-15 12:56:36,18.1,4.68
2024-10-15 12:56:37,18.1,4.68
2024-10-15 12:56:38,18.09,4.71
2024-10-15 12:56:39,18.1,4.8
2024-10-15 12:56:40,18.09,4.92
2024-10-15 12:56:41,18.1,4.95
2024-10-15 12:56:42,18.11,5.01
2024-10-15 12:56:43,18.1,5.07
2024-10-15 12:56:44,18.1,5.22
2024-10-15 12:56:45,18.09,5.22
2024-10-15 12:56:46,18.09,5.13
2024-10-15 12:56:47,18.1,4.95
2024-10-15 12:56:48,18.07,4.86
2024-10-15 12:56:49,18.09,4.89
2024-10-15 12:56:50,18.09,4.92
2024-10-15 12:56:51,18.09,4.95
2024-10-15 12:56:52,18.07,5.01
2024-10-15 12:56:53,18.09,5.01
2024-10-15 12:56:54,18.09,5.1
2024-10-15 12:56:55,18.1,5.07
2024-10-15 12:56:56,18.1,5.1
2024-10-15 12:56:57,18.09,5.07
2024-10-15 12:56:58,18.07,5.13
2024-10-15 12:56:59,18.09,5.31
2024-10-15 12:57:00,18.07,5.28
2024-10-15 12:57:01,18.06,5.16
2024-10-15 12:57:02,18.06,5.13
2024-10-15 12:57:03,18.07,5.1
2024-10-15 12:57:04,18.06,5.1
2024-10-15 12:57:05,18.09,5.07
2024-10-15 12:57:06,18.06,5.07
2024-10-15 12:57:07,18.06,5.1
2024-10-15 12:57:08,18.07,5.07
2024-10-15 12:57:09,18.07,5.01
2024-10-15 12:57:10,18.06,5.01
2024-10-15 12:57:11,18.07,5.07
2024-10-15 12:57:12,18.07,5.16
2024-10-15 12:57:13,18.06,5.28
2024-10-15 12:57:14,18.07,5.37
2024-10-15 12:57:15,18.05,5.43
2024-10-15 12:57:16,18.06,5.37
2024-10-15 12:57:17,18.05,5.25
2024-10-15 12:57:18,18.03,5.1
2024-10-15 12:57:19,18.03,5.04
2024-10-15 12:57:20,18.05,5.04
2024-10-15 12:57:21,18.03,4.98
2024-10-15 12:57:22,18.03,5.01
2024-10-15 12:57:23,18.04,5.1
2024-10-15 12:57:24,18.06,5.22
2024-10-15 12:57:25,18.05,5.28
2024-10-15 12:57:26,18.05,5.37
2024-10-15 12:57:27,18.05,5.39
2024-10-15 12:57:28,18.06,5.34
2024-10-15 12:57:29,18.03,5.25
2024-10-15 12:57:30,18.04,5.19
2024-10-15 12:57:31,18.03,5.1
2024-10-15 12:57:32,18.04,5.07
2024-10-15 12:57:33,18.03,4.98
2024-10-15 12:57:34,18.06,4.95
2024-10-15 12:57:35,18.02,4.98
2024-10-15 12:57:36,18.03,4.95
2024-10-15 12:57:37,18.02,4.98
2024-10-15 12:57:38,18.03,5.01
2024-10-15 12:57:39,18.04,4.95
2024-10-15 12:57:40,18.03,4.98
2024-10-15 12:57:41,18.06,5.01
2024-10-15 12:57:42,18.03,5.04
2024-10-15 12:57:43,18.04,5.1
2024-10-15 12:57:44,18.06,5.22
2024-10-15 12:57:45,18.04,5.25
2024-10-15 12:57:46,18.07,5.19
2024-10-15 12:57:47,18.07,5.13
2024-10-15 12:57:48,18.07,5.07
2024-10-15 12:57:49,18.06,5.01
2024-10-15 12:57:50,18.07,4.92
2024-10-15 12:57:51,18.09,4.86
2024-10-15 12:57:52,18.09,4.89
2024-10-15 12:57:53,18.11,4.95
2024-10-15 12:57:54,18.1,4.98
2024-10-15 12:57:55,18.11,5.01
2024-10-15 12:57:56,18.12,4.98
2024-10-15 12:57:57,18.1,5.01
2024-10-15 12:57:58,18.1,5.19
2024-10-15 12:57:59,18.1,5.19
2024-10-15 12:58:00,18.1,5.16
2024-10-15 12:58:01,18.1,5.1
2024-10-15 12:58:02,18.1,5.04
2024-10-15 12:58:03,18.09,4.98
2024-10-15 12:58:04,18.1,4.95
2024-10-15 12:58:05,18.07,4.92
2024-10-15 12:58:06,18.09,4.92
2024-10-15 12:58:07,18.1,4.92
2024-10-15 12:58:08,18.09,4.92
2024-10-15 12:58:09,18.09,4.98
2024-10-15 12:58:10,18.11,5.04
2024-10-15 12:58:11,18.11,5.07
2024-10-15 12:58:12,18.11,5.07
2024-10-15 12:58:13,18.11,5.07
2024-10-15 12:58:14,18.11,5.04
2024-10-15 12:58:15,18.12,5.04
2024-10-15 12:58:16,18.1,5.04
2024-10-15 12:58:17,18.12,4.98
2024-10-15 12:58:18,18.11,4.98
2024-10-15 12:58:19,18.12,4.98
2024-10-15 12:58:20,18.12,4.92
2024-10-15 12:58:21,18.1,4.95
2024-10-15 12:58:22,18.1,4.98
2024-10-15 12:58:23,18.11,5.01
2024-10-15 12:58:24,18.1,5.04
2024-10-15 12:58:25,18.12,5.1
2024-10-15 12:58:26,18.1,5.19
2024-10-15 12:58:27,18.1,5.34
2024-10-15 12:58:28,18.1,5.37
2024-10-15 12:58:29,18.1,5.31
2024-10-15 12:58:30,18.1,5.28
2024-10-15 12:58:31,18.1,5.22
2024-10-15 12:58:32,18.09,5.16
2024-10-15 12:58:33,18.09,5.04
2024-10-15 12:58:34,18.11,4.92
2024-10-15 12:58:35,18.12,4.83
2024-10-15 12:58:36,18.11,4.86
2024-10-15 12:58:37,18.12,4.89
2024-10-15 12:58:38,18.12,4.89
2024-10-15 12:58:39,18.12,4.98
2024-10-15 12:58:40,18.12,5.04
2024-10-15 12:58:41,18.12,5.13
2024-10-15 12:58:42,18.12,5.22
2024-10-15 12:58:43,18.13,5.22
2024-10-15 12:58:44,18.13,5.16
2024-10-15 12:58:45,18.1,5.1
2024-10-15 12:58:46,18.1,5.04
2024-10-15 12:58:47,18.1,5.01
2024-10-15 12:58:48,18.1,5.07
2024-10-15 12:58:49,18.1,5.07
2024-10-15 12:58:50,18.09,5.16
2024-10-15 12:58:51,18.1,5.19
2024-10-15 12:58:52,18.1,5.22
2024-10-15 12:58:53,18.1,5.19
2024-10-15 12:58:54,18.09,5.22
2024-10-15 12:58:55,18.09,5.16
2024-10-15 12:58:56,18.1,5.13
2024-10-15 12:58:57,18.11,5.1
2024-10-15 12:58:58,18.1,5.07
2024-10-15 12:58:59,18.09,5.04
2024-10-15 12:59:00,18.1,4.95
2024-10-15 12:59:01,18.09,4.89
2024-10-15 12:59:02,18.09,4.92
2024-10-15 12:59:03,18.1,5.01
2024-10-15 12:59:04,18.09,5.04
2024-10-15 12:59:05,18.07,5.07
2024-10-15 12:59:06,18.07,5.13
2024-10-15 12:59:07,18.09,5.16
2024-10-15 12:59:08,18.1,5.25
2024-10-15 12:59:09,18.1,5.16
2024-10-15 12:59:10,18.07,5.19
2024-10-15 12:59:11,18.1,5.13
2024-10-15 12:59:12,18.1,5.1
2024-10-15 12:59:13,18.1,5.07
2024-10-15 12:59:14,18.09,5.04
2024-10-15 12:59:15,18.09,5.04
2024-10-15 12:59:16,18.1,5.07
2024-10-15 12:59:17,18.09,5.04
2024-10-15 12:59:18,18.11,5.1
2024-10-15 12:59:19,18.07,5.1
2024-10-15 12:59:20,18.09,5.13
2024-10-15 12:59:21,18.07,5.16
2024-10-15 12:59:22,18.07,5.22
2024-10-15 12:59:23,18.06,5.25
2024-10-15 12:59:24,18.09,5.25
2024-10-15 12:59:25,18.07,5.25
2024-10-15 12:59:26,18.09,5.22
2024-10-15 12:59:27,18.07,5.13
2024-10-15 12:59:28,18.07,5.04
2024-10-15 12:59:29,18.07,5.01
2024-10-15 12:59:30,18.07,5.01
2024-10-15 12:59:31,18.07,5.01
2024-10-15 12:59:32,18.07,5.01
2024-10-15 12:59:33,18.07,5.07
2024-10-15 12:59:34,18.04,5.13
2024-10-15 12:59:35,18.04,5.19
2024-10-15 12:59:36,18.05,5.25
2024-10-15 12:59:37,18.03,5.28
2024-10-15 12:59:38,18.04,5.28
2024-10-15 12:59:39,18.03,5.22
2024-10-15 12:59:40,18.07,5.13
2024-10-15 12:59:41,18.04,5.01
2024-10-15 12:59:42,18.05,4.95
2024-10-15 12:59:43,18.04,4.89
2024-10-15 12:59:44,18.05,4.86
2024-10-15 12:59:45,18.05,4.89
2024-10-15 12:59:46,18.03,4.92
2024-10-15 12:59:47,18.04,5.01
2024-10-15 12:59:48,18.03,5.04
2024-10-15 12:59:49,18.04,5.13
2024-10-15 12:59:50,18.06,5.1
2024-10-15 12:59:51,18.06,4.98
2024-10-15 12:59:52,18.05,4.92
2024-10-15 12:59:53,18.06,5.01
2024-10-15 12:59:54,18.07,5.04
2024-10-15 12:59:55,18.09,5.13
2024-10-15 12:59:56,18.06,5.1
2024-10-15 12:59:57,18.05,5.04
2024-10-15 12:59:58,18.07,4.95
2024-10-15 12:59:59,18.07,4.92
2024-10-15 13:00:00,18.03,4.92
2024-10-15 13:00:01,18.05,4.98
2024-10-15 13:00:02,18.03,4.98
2024-10-15 13:00:03,18.05,5.04
2024-10-15 13:00:04,18.05,5.01
2024-10-15 13:00:05,18.04,5.01
2024-10-15 13:00:06,18.05,4.98
2024-10-15 13:00:07,18.04,4.98
2024-10-15 13:00:08,18.05,5.04
2024-10-15 13:00:09,18.07,5.01
2024-10-15 13:00:10,18.05,5.01
2024-10-15 13:00:11,18.05,5.07
2024-10-15 13:00:12,18.07,5.13
2024-10-15 13:00:13,18.05,5.13
2024-10-15 13:00:14,18.05,5.13
2024-10-15 13:00:15,18.06,5.07
2024-10-15 13:00:16,18.05,5.1
2024-10-15 13:00:17,18.06,4.98
2024-10-15 13:00:18,18.04,4.95
2024-10-15 13:00:19,18.05,4.89
2024-10-15 13:00:20,18.05,4.89
2024-10-15 13:00:21,18.03,4.89
2024-10-15 13:00:22,18.06,4.86
2024-10-15 13:00:23,18.07,4.89
2024-10-15 13:00:24,18.03,4.86
2024-10-15 13:00:25,18.05,4.86
2024-10-15 13:00:26,18.03,4.83
2024-10-15 13:00:27,18.04,4.8
2024-10-15 13:00:28,18.05,4.8
2024-10-15 13:00:29,18.05,4.8
2024-10-15 13:00:30,18.05,4.77
2024-10-15 13:00:31,18.03,4.86
2024-10-15 13:00:32,18.04,4.92
2024-10-15 13:00:33,18.03,5.04
2024-10-15 13:00:34,18.04,5.16
2024-10-15 13:00:35,18.03,5.19
2024-10-15 13:00:36,18.03,5.13
2024-10-15 13:00:37,18.06,5.01
2024-10-15 13:00:38,18.03,4.98
2024-10-15 13:00:39,18.03,4.95
2024-10-15 13:00:40,18.04,4.95
2024-10-15 13:00:41,18.04,4.92
2024-10-15 13:00:42,18.03,4.92
2024-10-15 13:00:43,18.05,4.98
2024-10-15 13:00:44,18.05,4.98
2024-10-15 13:00:45,18.03,5.01
2024-10-15 13:00:46,18.04,5.07
2024-10-15 13:00:47,18.03,5.01
2024-10-15 13:00:48,18.03,5.13
2024-10-15 13:00:49,18.04,5.16
2024-10-15 13:00:50,18.05,5.16
2024-10-15 13:00:51,18.04,5.07
2024-10-15 13:00:52,18.04,5.04
2024-10-15 13:00:53,18.04,4.95
2024-10-15 13:00:54,18.03,4.92
2024-10-15 13:00:55,18.04,4.89
2024-10-15 13:00:56,18.03,4.8
2024-10-15 13:00:57,18.05,4.8
2024-10-15 13:00:58,18.03,4.86
2024-10-15 13:00:59,18.05,4.89
2024-10-15 13:01:00,18.06,5.01
2024-10-15 13:01:01,18.04,5.07
2024-10-15 13:01:02,18.03,5.1
2024-10-15 13:01:03,18.03,5.04
2024-10-15 13:01:04,18.04,5.01
2024-10-15 13:01:05,18.03,4.98
2024-10-15 13:01:06,18.03,4.95
2024-10-15 13:01:07,18.04,4.95
2024-10-15 13:01:08,18.02,4.92
2024-10-15 13:01:09,18.03,4.89
2024-10-15 13:01:10,18.02,4.89
2024-10-15 13:01:11,18.02,4.92
2024-10-15 13:01:12,18.0,4.95
2024-10-15 13:01:13,18.02,5.01
2024-10-15 13:01:14,18.02,5.01
2024-10-15 13:01:15,18.0,5.01
2024-10-15 13:01:16,18.02,5.07
2024-10-15 13:01:17,18.02,5.13
2024-10-15 13:01:18,18.01,5.1
2024-10-15 13:01:19,18.01,5.04
2024-10-15 13:01:20,18.02,4.98
2024-10-15 13:01:21,18.02,4.89
2024-10-15 13:01:22,18.02,4.86
2024-10-15 13:01:23,18.01,4.8
2024-10-15 13:01:24,18.01,4.77
2024-10-15 13:01:25,18.03,4.74
2024-10-15 13:01:26,18.02,4.8
2024-10-15 13:01:27,18.02,4.89
2024-10-15 13:01:28,18.01,4.92
2024-10-15 13:01:29,18.01,4.95
2024-10-15 13:01:30,18.01,4.98
2024-10-15 13:01:31,18.0,4.98
2024-10-15 13:01:32,18.02,5.07
2024-10-15 13:01:33,18.02,5.13
2024-10-15 13:01:34,18.02,5.07
2024-10-15 13:01:35,18.01,5.1
2024-10-15 13:01:36,18.0,5.07
2024-10-15 13:01:37,18.0,5.07
2024-10-15 13:01:38,18.01,5.01
2024-10-15 13:01:39,18.01,4.92
2024-10-15 13:01:40,18.0,4.83
2024-10-15 13:01:41,18.0,4.8
2024-10-15 13:01:42,18.01,4.83
2024-10-15 13:01:43,18.0,4.86
2024-10-15 13:01:44,18.0,4.92
2024-10-15 13:01:45,18.01,4.92
2024-10-15 13:01:46,18.0,4.95
2024-10-15 13:01:47,18.01,4.98
2024-10-15 13:01:48,18.01,5.04
2024-10-15 13:01:49,18.0,5.04
2024-10-15 13:01:50,18.0,5.1
2024-10-15 13:01:51,18.0,5.04
2024-10-15 13:01:52,18.0,4.98
2024-10-15 13:01:53,18.0,4.95
2024-10-15 13:01:54,17.99,4.92
2024-10-15 13:01:55,17.99,4.88
2024-10-15 13:01:56,17.99,4.86
2024-10-15 13:01:57,18.0,4.86
2024-10-15 13:01:58,17.98,4.83
2024-10-15 13:01:59,17.99,4.86
2024-10-15 13:02:00,18.0,4.83
2024-10-15 13:02:01,17.98,4.86
2024-10-15 13:02:02,17.96,4.92
2024-10-15 13:02:03,18.0,5.01
2024-10-15 13:02:04,17.98,5.07
2024-10-15 13:02:05,17.98,5.13
2024-10-15 13:02:06,17.99,5.1
2024-10-15 13:02:07,17.99,5.13
2024-10-15 13:02:08,18.0,5.1
2024-10-15 13:02:09,18.0,5.1
2024-10-15 13:02:10,17.98,5.04
2024-10-15 13:02:11,17.98,5.04
2024-10-15 13:02:12,17.99,5.04
2024-10-15 13:02:13,17.99,5.07
2024-10-15 13:02:14,17.97,5.1
2024-10-15 13:02:15,17.98,5.1
2024-10-15 13:02:16,17.99,5.13
2024-10-15 13:02:17,17.97,5.13
2024-10-15 13:02:18,17.97,5.13
2024-10-15 13:02:19,17.98,5.16
2024-10-15 13:02:20,18.0,5.19
2024-10-15 13:02:21,17.99,5.16
2024-10-15 13:02:22,17.99,5.13
2024-10-15 13:02:23,17.99,5.07
2024-10-15 13:02:24,17.98,5.07
2024-10-15 13:02:25,17.99,5.07
2024-10-15 13:02:26,17.98,5.13
2024-10-15 13:02:27,17.98,5.19
2024-10-15 13:02:28,17.99,5.22
2024-10-15 13:02:29,17.99,5.16
2024-10-15 13:02:30,18.0,5.16
2024-10-15 13:02:31,17.96,5.19
2024-10-15 13:02:32,17.97,5.22
2024-10-15 13:02:33,17.97,5.19
2024-10-15 13:02:34,17.96,5.16
2024-10-15 13:02:35,17.96,5.13
2024-10-15 13:02:36,17.97,5.1
2024-10-15 13:02:37,17.96,5.13
2024-10-15 13:02:38,17.95,5.13
2024-10-15 13:02:39,17.96,5.16
2024-10-15 13:02:40,17.96,5.19
2024-10-15 13:02:41,17.96,5.13
2024-10-15 13:02:42,17.95,5.19
2024-10-15 13:02:43,17.95,5.22
2024-10-15 13:02:44,17.96,5.28
2024-10-15 13:02:45,17.97,5.25
2024-10-15 13:02:46,17.98,5.28
2024-10-15 13:02:47,17.97,5.31
2024-10-15 13:02:48,17.97,5.31
2024-10-15 13:02:49,17.97,5.31
2024-10-15 13:02:50,17.97,5.34
2024-10-15 13:02:51,17.97,5.28
2024-10-15 13:02:52,17.98,5.28
2024-10-15 13:02:53,17.96,5.28
2024-10-15 13:02:54,17.97,5.31
2024-10-15 13:02:55,17.97,5.28
2024-10-15 13:02:56,17.97,5.31
2024-10-15 13:02:57,17.97,5.36
2024-10-15 13:02:58,17.96,5.36
2024-10-15 13:02:59,17.97,5.34
2024-10-15 13:03:00,17.99,5.36
2024-10-15 13:03:01,17.98,5.34
2024-10-15 13:03:02,17.98,5.31
2024-10-15 13:03:03,17.95,5.31
2024-10-15 13:03:04,17.97,5.31
2024-10-15 13:03:05,17.94,5.25
2024-10-15 13:03:06,17.98,5.25
2024-10-15 13:03:07,17.94,5.13
2024-10-15 13:03:08,17.96,5.1
2024-10-15 13:03:09,17.96,5.1
2024-10-15 13:03:10,17.97,5.07
2024-10-15 13:03:11,17.98,5.07
2024-10-15 13:03:12,17.97,5.01
2024-10-15 13:03:13,17.96,5.01
2024-10-15 13:03:14,17.96,4.88
2024-10-15 13:03:15,17.95,4.86
2024-10-15 13:03:16,17.98,4.83
2024-10-15 13:03:17,17.96,4.77
2024-10-15 13:03:18,17.96,4.74
2024-10-15 13:03:19,17.96,4.68
2024-10-15 13:03:20,17.98,4.56
2024-10-15 13:03:21,17.98,4.44
2024-10-15 13:03:22,17.98,4.35
2024-10-15 13:03:23,17.98,4.35
2024-10-15 13:03:24,17.97,4.35
2024-10-15 13:03:25,17.98,4.38
2024-10-15 13:03:26,17.99,4.35
2024-10-15 13:03:27,17.99,4.35
2024-10-15 13:03:28,17.99,4.47
2024-10-15 13:03:29,17.99,4.53
2024-10-15 13:03:30,17.99,4.53
2024-10-15 13:03:31,17.98,4.44
2024-10-15 13:03:32,17.99,4.35
2024-10-15 13:03:33,17.98,4.23
2024-10-15 13:03:34,17.97,4.14
2024-10-15 13:03:35,17.99,4.14
2024-10-15 13:03:36,17.98,4.2
2024-10-15 13:03:37,18.0,4.2
2024-10-15 13:03:38,18.0,4.2
2024-10-15 13:03:39,18.02,4.26
2024-10-15 13:03:40,18.01,4.23
2024-10-15 13:03:41,18.01,4.08
2024-10-15 13:03:42,18.0,3.99
2024-10-15 13:03:43,18.03,3.94
2024-10-15 13:03:44,18.01,3.78
2024-10-15 13:03:45,18.03,3.57
2024-10-15 13:03:46,18.03,3.43
2024-10-15 13:03:47,18.03,3.4
2024-10-15 13:03:48,18.04,3.37
2024-10-15 13:03:49,18.03,3.15
2024-10-15 13:03:50,18.07,3.01
2024-10-15 13:03:51,18.07,2.89
2024-10-15 13:03:52,18.07,2.82
2024-10-15 13:03:53,18.1,2.73
2024-10-15 13:03:54,18.14,2.61
2024-10-15 13:03:55,18.14,2.47
2024-10-15 13:03:56,18.14,2.38
2024-10-15 13:03:57,18.14,2.25
2024-10-15 13:03:58,18.16,2.28
2024-10-15 13:03:59,18.18,2.28
2024-10-15 13:04:00,18.23,2.25
2024-10-15 13:04:01,18.23,2.16
2024-10-15 13:04:02,18.24,1.99
2024-10-15 13:04:03,18.24,1.74
2024-10-15 13:04:04,18.23,1.48
2024-10-15 13:04:05,18.26,1.23
